ENSG00000000419,DPM1
ENSG00000000938,FGR
ENSG00000001036,FUCA2
ENSG00000001084,GCLC
ENSG00000001167,NFYA
ENSG00000001497,LAS1L
ENSG00000001561,ENPP4
ENSG00000001630,CYP51A1
ENSG00000002549,LAP3
ENSG00000002822,MAD1L1
ENSG00000002834,LASP1
ENSG00000003056,M6PR
ENSG00000003400,CASP10
ENSG00000003402,CFLAR
ENSG00000004059,ARF5
ENSG00000004142,POLDIP2
ENSG00000004455,AK2
ENSG00000004468,CD38
ENSG00000004478,FKBP4
ENSG00000004487,KDM1A
ENSG00000004700,RECQL
ENSG00000004766,VPS50
ENSG00000004779,NDUFAB1
ENSG00000005007,UPF1
ENSG00000005020,SKAP2
ENSG00000005022,SLC25A5
ENSG00000005075,POLR2J
ENSG00000005156,LIG3
ENSG00000005194,CIAPIN1
ENSG00000005381,MPO
ENSG00000005810,MYCBP2
ENSG00000005844,ITGAL
ENSG00000005961,ITGA2B
ENSG00000006125,AP2B1
ENSG00000006451,RALA
ENSG00000006530,AGK
ENSG00000006534,ALDH3B1
ENSG00000006625,GGCT
ENSG00000006712,PAF1
ENSG00000006715,VPS41
ENSG00000007080,CCDC124
ENSG00000007168,PAFAH1B1
ENSG00000007237,GAS7
ENSG00000008018,PSMB1
ENSG00000008130,NADK
ENSG00000008282,SYPL1
ENSG00000008394,MGST1
ENSG00000008438,PGLYRP1
ENSG00000008516,MMP25
ENSG00000008869,HEATR5B
ENSG00000008952,SEC62
ENSG00000008988,RPS20
ENSG00000009307,CSDE1
ENSG00000009335,UBE3C
ENSG00000009790,TRAF3IP3
ENSG00000009844,VTA1
ENSG00000009954,BAZ1B
ENSG00000010017,RANBP9
ENSG00000010244,ZNF207
ENSG00000010256,UQCRC1
ENSG00000010292,NCAPD2
ENSG00000010671,BTK
ENSG00000011009,LYPLA2
ENSG00000011052,NME1-NME2
ENSG00000011260,UTP18
ENSG00000011304,PTBP1
ENSG00000011422,PLAUR
ENSG00000011485,PPP5C
ENSG00000011600,TYROBP
ENSG00000012223,LTF
ENSG00000012660,ELOVL5
ENSG00000012779,ALOX5
ENSG00000013275,PSMC4
ENSG00000013364,MVP
ENSG00000013374,NUB1
ENSG00000013375,PGM3
ENSG00000013583,HEBP1
ENSG00000013810,TACC3
ENSG00000014123,UFL1
ENSG00000014216,CAPN1
ENSG00000014257,ACPP
ENSG00000014641,MDH1
ENSG00000015285,WAS
ENSG00000015475,BID
ENSG00000017797,RALBP1
ENSG00000018510,AGPS
ENSG00000019582,CD74
ENSG00000020129,NCDN
ENSG00000020922,MRE11
ENSG00000021355,SERPINB1
ENSG00000021776,AQR
ENSG00000022277,RTF2
ENSG00000023191,RNH1
ENSG00000023228,NDUFS1
ENSG00000023318,ERP44
ENSG00000023697,DERA
ENSG00000023734,STRAP
ENSG00000023892,DEF6
ENSG00000023909,GCLM
ENSG00000025708,TYMP
ENSG00000025770,NCAPH2
ENSG00000025772,TOMM34
ENSG00000025796,SEC63
ENSG00000026025,VIM
ENSG00000026297,RNASET2
ENSG00000026508,CD44
ENSG00000028528,SNX1
ENSG00000029725,RABEP1
ENSG00000029993,HMGB3
ENSG00000030066,NUP160
ENSG00000030582,GRN
ENSG00000031698,SARS
ENSG00000031823,RANBP3
ENSG00000032389,EIPR1
ENSG00000033011,ALG1
ENSG00000033030,ZCCHC8
ENSG00000033050,ABCF2
ENSG00000033178,UBA6
ENSG00000033627,ATP6V0A1
ENSG00000034693,PEX3
ENSG00000034713,GABARAPL2
ENSG00000035403,VCL
ENSG00000035664,DAPK2
ENSG00000035687,ADSS
ENSG00000035862,TIMP2
ENSG00000035928,RFC1
ENSG00000036054,TBC1D23
ENSG00000036257,CUL3
ENSG00000037474,NSUN2
ENSG00000037757,MRI1
ENSG00000038002,AGA
ENSG00000038219,BOD1L1
ENSG00000038274,MAT2B
ENSG00000038358,EDC4
ENSG00000039123,MTREX
ENSG00000039319,ZFYVE16
ENSG00000039650,PNKP
ENSG00000040341,STAU2
ENSG00000041357,PSMA4
ENSG00000042088,TDP1
ENSG00000042493,CAPG
ENSG00000042753,AP2S1
ENSG00000043093,DCUN1D1
ENSG00000043462,LCP2
ENSG00000044446,PHKA2
ENSG00000044574,HSPA5
ENSG00000047056,WDR37
ENSG00000047230,CTPS2
ENSG00000047249,ATP6V1H
ENSG00000047315,POLR2B
ENSG00000047410,TPR
ENSG00000047457,CP
ENSG00000047579,DTNBP1
ENSG00000047849,MAP4
ENSG00000048162,NOP16
ENSG00000048649,RSF1
ENSG00000048828,FAM120A
ENSG00000049239,H6PD
ENSG00000049245,VAMP3
ENSG00000049541,RFC2
ENSG00000049860,HEXB
ENSG00000051382,PIK3CB
ENSG00000051523,CYBA
ENSG00000051596,THOC3
ENSG00000051620,HEBP2
ENSG00000052749,RRP12
ENSG00000053371,AKR7A2
ENSG00000053372,MRTO4
ENSG00000054116,TRAPPC3
ENSG00000054118,THRAP3
ENSG00000054148,PHPT1
ENSG00000054523,KIF1B
ENSG00000054611,TBC1D22A
ENSG00000054983,GALC
ENSG00000055044,NOP58
ENSG00000055130,CUL1
ENSG00000055147,FAM114A2
ENSG00000055163,CYFIP2
ENSG00000055332,EIF2AK2
ENSG00000055950,MRPL43
ENSG00000056050,HPF1
ENSG00000056097,ZFR
ENSG00000057608,GDI2
ENSG00000057663,ATG5
ENSG00000057757,PITHD1
ENSG00000058063,ATP11B
ENSG00000058262,SEC61A1
ENSG00000058668,ATP2B4
ENSG00000058673,ZC3H11A
ENSG00000059377,TBXAS1
ENSG00000059378,PARP12
ENSG00000059573,ALDH18A1
ENSG00000059804,SLC2A3
ENSG00000060237,WNK1
ENSG00000060339,CCAR1
ENSG00000060491,OGFR
ENSG00000060688,SNRNP40
ENSG00000060971,ACAA1
ENSG00000061794,MRPS35
ENSG00000061936,SFSWAP
ENSG00000061987,MON2
ENSG00000062485,CS
ENSG00000062598,ELMO2
ENSG00000062716,VMP1
ENSG00000062822,POLD1
ENSG00000063046,EIF4B
ENSG00000063177,RPL18
ENSG00000063241,ISOC2
ENSG00000063854,HAGH
ENSG00000064012,CASP8
ENSG00000064419,TNPO3
ENSG00000064601,CTSA
ENSG00000064607,SUGP2
ENSG00000064666,CNN2
ENSG00000064763,FAR2
ENSG00000065000,AP3D1
ENSG00000065135,GNAI3
ENSG00000065150,IPO5
ENSG00000065183,WDR3
ENSG00000065268,WDR18
ENSG00000065357,DGKA
ENSG00000065413,ANKRD44
ENSG00000065427,KARS
ENSG00000065485,PDIA5
ENSG00000065491,TBC1D22B
ENSG00000065518,NDUFB4
ENSG00000065534,MYLK
ENSG00000065548,ZC3H15
ENSG00000065559,MAP2K4
ENSG00000065613,SLK
ENSG00000065615,CYB5R4
ENSG00000065809,FAM107B
ENSG00000065882,TBC1D1
ENSG00000065978,YBX1
ENSG00000066027,PPP2R5A
ENSG00000066044,ELAVL1
ENSG00000066084,DIP2B
ENSG00000066136,NFYC
ENSG00000066322,ELOVL1
ENSG00000066336,SPI1
ENSG00000066427,ATXN3
ENSG00000066557,LRRC40
ENSG00000066583,ISOC1
ENSG00000066654,THUMPD1
ENSG00000066777,ARFGEF1
ENSG00000066926,FECH
ENSG00000067048,DDX3Y
ENSG00000067057,PFKP
ENSG00000067167,TRAM1
ENSG00000067225,PKM
ENSG00000067369,TP53BP1
ENSG00000067560,RHOA
ENSG00000067704,IARS2
ENSG00000067900,ROCK1
ENSG00000067992,PDK3
ENSG00000068024,HDAC4
ENSG00000068079,IFI35
ENSG00000068120,COASY
ENSG00000068366,ACSL4
ENSG00000068400,GRIPAP1
ENSG00000068650,ATP11A
ENSG00000068796,KIF2A
ENSG00000068831,RASGRP2
ENSG00000068903,SIRT2
ENSG00000069248,NUP133
ENSG00000069275,NUCKS1
ENSG00000069329,VPS35
ENSG00000069345,DNAJA2
ENSG00000069424,KCNAB2
ENSG00000069849,ATP1B3
ENSG00000069869,NEDD4
ENSG00000069974,RAB27A
ENSG00000069998,HDHD5
ENSG00000070010,UFD1
ENSG00000070061,ELP1
ENSG00000070081,NUCB2
ENSG00000070214,SLC44A1
ENSG00000070367,EXOC5
ENSG00000070669,ASNS
ENSG00000070756,PABPC1
ENSG00000070761,CFAP20
ENSG00000070770,CSNK2A2
ENSG00000070785,EIF2B3
ENSG00000070814,TCOF1
ENSG00000070831,CDC42
ENSG00000071054,MAP4K4
ENSG00000071082,RPL31
ENSG00000071127,WDR1
ENSG00000071242,RPS6KA2
ENSG00000071537,SEL1L
ENSG00000071539,TRIP13
ENSG00000071553,ATP6AP1
ENSG00000071626,DAZAP1
ENSG00000071655,MBD3
ENSG00000071859,FAM50A
ENSG00000071894,CPSF1
ENSG00000071967,CYBRD1
ENSG00000072062,PRKACA
ENSG00000072110,ACTN1
ENSG00000072135,PTPN18
ENSG00000072210,ALDH3A2
ENSG00000072274,TFRC
ENSG00000072501,SMC1A
ENSG00000072506,HSD17B10
ENSG00000072518,MARK2
ENSG00000072756,TRNT1
ENSG00000072778,ACADVL
ENSG00000072786,STK10
ENSG00000072818,ACAP1
ENSG00000072958,AP1M1
ENSG00000073050,XRCC1
ENSG00000073111,MCM2
ENSG00000073169,SELENOO
ENSG00000073578,SDHA
ENSG00000073584,SMARCE1
ENSG00000073792,IGF2BP2
ENSG00000073969,NSF
ENSG00000074054,CLASP1
ENSG00000074071,MRPS34
ENSG00000074266,EED
ENSG00000074319,TSG101
ENSG00000074370,ATP2A3
ENSG00000074416,MGLL
ENSG00000074582,BCS1L
ENSG00000074695,LMAN1
ENSG00000074696,HACD3
ENSG00000074755,ZZEF1
ENSG00000074800,ENO1
ENSG00000074842,MYDGF
ENSG00000075142,SRI
ENSG00000075151,EIF4G3
ENSG00000075188,NUP37
ENSG00000075234,TTC38
ENSG00000075239,ACAT1
ENSG00000075292,ZNF638
ENSG00000075303,SLC25A40
ENSG00000075413,MARK3
ENSG00000075415,SLC25A3
ENSG00000075539,FRYL
ENSG00000075618,FSCN1
ENSG00000075651,PLD1
ENSG00000075785,RAB7A
ENSG00000075790,BCAP29
ENSG00000075856,SART3
ENSG00000075884,ARHGAP15
ENSG00000076003,MCM6
ENSG00000076201,PTPN23
ENSG00000076513,ANKRD13A
ENSG00000076641,PAG1
ENSG00000076662,ICAM3
ENSG00000076685,NT5C2
ENSG00000076924,XAB2
ENSG00000076928,ARHGEF1
ENSG00000076944,STXBP2
ENSG00000077097,TOP2B
ENSG00000077147,TM9SF3
ENSG00000077232,DNAJC10
ENSG00000077235,GTF3C1
ENSG00000077312,SNRPA
ENSG00000077380,DYNC1I2
ENSG00000077420,APBB1IP
ENSG00000077454,LRCH4
ENSG00000077514,POLD3
ENSG00000077549,CAPZB
ENSG00000077984,CST7
ENSG00000078061,ARAF
ENSG00000078070,MCCC1
ENSG00000078140,UBE2K
ENSG00000078142,PIK3C3
ENSG00000078369,GNB1
ENSG00000078618,NRDC
ENSG00000078668,VDAC3
ENSG00000078674,PCM1
ENSG00000078747,ITCH
ENSG00000078902,TOLLIP
ENSG00000079134,THOC1
ENSG00000079246,XRCC5
ENSG00000079257,LXN
ENSG00000079332,SAR1A
ENSG00000079385,CEACAM1
ENSG00000079435,LIPE
ENSG00000079462,PAFAH1B3
ENSG00000079557,AFM
ENSG00000079739,PGM1
ENSG00000079785,DDX1
ENSG00000079805,DNM2
ENSG00000079950,STX7
ENSG00000080345,RIF1
ENSG00000080371,RAB21
ENSG00000080503,SMARCA2
ENSG00000080819,CPOX
ENSG00000080824,HSP90AA1
ENSG00000080845,DLGAP4
ENSG00000081154,PCNP
ENSG00000081237,PTPRC
ENSG00000081307,UBA5
ENSG00000081320,STK17B
ENSG00000081760,AACS
ENSG00000081870,HSPB11
ENSG00000082068,WDR70
ENSG00000082074,FYB1
ENSG00000082153,BZW1
ENSG00000082212,ME2
ENSG00000082516,GEMIN5
ENSG00000082898,XPO1
ENSG00000083312,TNPO1
ENSG00000083520,DIS3
ENSG00000083642,PDS5B
ENSG00000083720,OXCT1
ENSG00000083845,RPS5
ENSG00000083937,CHMP2B
ENSG00000084070,SMAP2
ENSG00000084072,PPIE
ENSG00000084073,ZMPSTE24
ENSG00000084207,GSTP1
ENSG00000084463,WBP11
ENSG00000084623,EIF3I
ENSG00000084652,TXLNA
ENSG00000084733,RAB10
ENSG00000084754,HADHA
ENSG00000084774,CAD
ENSG00000085063,CD59
ENSG00000085117,CD82
ENSG00000085265,FCN1
ENSG00000085365,SCAMP1
ENSG00000085377,PREP
ENSG00000085415,SEH1L
ENSG00000085449,WDFY1
ENSG00000085491,SLC25A24
ENSG00000085719,CPNE3
ENSG00000085832,EPS15
ENSG00000085871,MGST2
ENSG00000085872,CHERP
ENSG00000086061,DNAJA1
ENSG00000086062,B4GALT1
ENSG00000086065,CHMP5
ENSG00000086475,SEPHS1
ENSG00000086548,CEACAM6
ENSG00000086589,RBM22
ENSG00000086598,TMED2
ENSG00000086730,LAT2
ENSG00000086758,HUWE1
ENSG00000086827,ZW10
ENSG00000087086,FTL
ENSG00000087087,SRRT
ENSG00000087088,BAX
ENSG00000087111,PIGS
ENSG00000087191,PSMC5
ENSG00000087253,LPCAT2
ENSG00000087274,ADD1
ENSG00000087302,RTRAF
ENSG00000087365,SF3B2
ENSG00000087470,DNM1L
ENSG00000088038,CNOT3
ENSG00000088205,DDX18
ENSG00000088247,KHSRP
ENSG00000088832,FKBP1A
ENSG00000088833,NSFL1C
ENSG00000088888,MAVS
ENSG00000088930,XRN2
ENSG00000088986,DYNLL1
ENSG00000088992,TESC
ENSG00000089006,SNX5
ENSG00000089009,RPL6
ENSG00000089050,RBBP9
ENSG00000089060,SLC8B1
ENSG00000089154,GCN1
ENSG00000089157,RPLP0
ENSG00000089159,PXN
ENSG00000089195,TRMT6
ENSG00000089220,PEBP1
ENSG00000089248,ERP29
ENSG00000089280,FUS
ENSG00000089289,IGBP1
ENSG00000089639,GMIP
ENSG00000089820,ARHGAP4
ENSG00000089902,RCOR1
ENSG00000090013,BLVRB
ENSG00000090054,SPTLC1
ENSG00000090060,PAPOLA
ENSG00000090061,CCNK
ENSG00000090273,NUDC
ENSG00000090316,MAEA
ENSG00000090376,IRAK3
ENSG00000090382,LYZ
ENSG00000090487,SPG21
ENSG00000090520,DNAJB11
ENSG00000090615,GOLGA3
ENSG00000090621,PABPC4
ENSG00000090686,USP48
ENSG00000090861,AARS
ENSG00000090863,GLG1
ENSG00000090989,EXOC1
ENSG00000091009,RBM27
ENSG00000091039,OSBPL8
ENSG00000091106,NLRC4
ENSG00000091140,DLD
ENSG00000091157,WDR7
ENSG00000091164,TXNL1
ENSG00000091483,FH
ENSG00000091513,TF
ENSG00000091527,CDV3
ENSG00000091583,APOH
ENSG00000092009,CMA1
ENSG00000092010,PSME1
ENSG00000092067,CEBPE
ENSG00000092094,OSGEP
ENSG00000092098,RNF31
ENSG00000092108,SCFD1
ENSG00000092201,SUPT16H
ENSG00000092531,SNAP23
ENSG00000092621,PHGDH
ENSG00000092820,EZR
ENSG00000092847,AGO1
ENSG00000092929,UNC13D
ENSG00000092964,DPYSL2
ENSG00000093000,NUP50
ENSG00000093010,COMT
ENSG00000093072,ADA2
ENSG00000093167,LRRFIP2
ENSG00000094631,HDAC6
ENSG00000094880,CDC23
ENSG00000094916,CBX5
ENSG00000095139,ARCN1
ENSG00000095261,PSMD5
ENSG00000095319,NUP188
ENSG00000095321,CRAT
ENSG00000095380,NANS
ENSG00000095383,TBC1D2
ENSG00000095485,CWF19L1
ENSG00000095906,NUBP2
ENSG00000096006,CRISP3
ENSG00000096060,FKBP5
ENSG00000096063,SRPK1
ENSG00000096384,HSP90AB1
ENSG00000096401,CDC5L
ENSG00000096696,DSP
ENSG00000096746,HNRNPH3
ENSG00000097033,SH3GLB1
ENSG00000099203,TMED1
ENSG00000099219,ERMP1
ENSG00000099246,RAB18
ENSG00000099284,H2AFY2
ENSG00000099308,MAST3
ENSG00000099331,MYO9B
ENSG00000099341,PSMD8
ENSG00000099385,BCL7C
ENSG00000099622,CIRBP
ENSG00000099624,ATP5F1D
ENSG00000099783,HNRNPM
ENSG00000099795,NDUFB7
ENSG00000099797,TECR
ENSG00000099800,TIMM13
ENSG00000099810,MTAP
ENSG00000099817,POLR2E
ENSG00000099901,RANBP1
ENSG00000099940,SNAP29
ENSG00000099942,CRKL
ENSG00000099956,SMARCB1
ENSG00000099968,BCL2L13
ENSG00000099977,DDT
ENSG00000099995,SF3A1
ENSG00000100023,PPIL2
ENSG00000100028,SNRPD3
ENSG00000100029,"1,00 PES"
ENSG00000100030,MAPK1
ENSG00000100034,PPM1F
ENSG00000100055,CYTH4
ENSG00000100075,SLC25A1
ENSG00000100083,GGA1
ENSG00000100092,SH3BP1
ENSG00000100097,LGALS1
ENSG00000100129,EIF3L
ENSG00000100138,SNU13
ENSG00000100201,DDX17
ENSG00000100216,TOMM22
ENSG00000100220,RTCB
ENSG00000100226,GTPBP1
ENSG00000100227,POLDIP3
ENSG00000100239,PPP6R2
ENSG00000100242,SUN2
ENSG00000100243,CYB5R3
ENSG00000100258,LMF2
ENSG00000100266,PACSIN2
ENSG00000100284,TOM1
ENSG00000100288,CHKB
ENSG00000100296,THOC5
ENSG00000100297,MCM5
ENSG00000100299,ARSA
ENSG00000100300,TSPO
ENSG00000100304,TTLL12
ENSG00000100316,RPL3
ENSG00000100321,SYNGR1
ENSG00000100330,MTMR3
ENSG00000100345,MYH9
ENSG00000100347,SAMM50
ENSG00000100348,TXN2
ENSG00000100353,EIF3D
ENSG00000100360,IFT27
ENSG00000100365,NCF4
ENSG00000100380,ST13
ENSG00000100387,RBX1
ENSG00000100393,EP300
ENSG00000100401,RANGAP1
ENSG00000100412,ACO2
ENSG00000100442,FKBP3
ENSG00000100445,SDR39U1
ENSG00000100448,CTSG
ENSG00000100462,PRMT5
ENSG00000100485,2 SOS
ENSG00000100504,PYGL
ENSG00000100519,PSMC6
ENSG00000100554,ATP6V1D
ENSG00000100567,PSMA3
ENSG00000100568,VTI1B
ENSG00000100575,TIMM9
ENSG00000100580,TMED8
ENSG00000100591,AHSA1
ENSG00000100596,SPTLC2
ENSG00000100599,RIN3
ENSG00000100603,SNW1
ENSG00000100612,DHRS7
ENSG00000100614,PPM1A
ENSG00000100632,ERH
ENSG00000100650,SRSF5
ENSG00000100664,EIF5
ENSG00000100714,MTHFD1
ENSG00000100722,ZC3H14
ENSG00000100749,VRK1
ENSG00000100764,PSMC1
ENSG00000100784,RPS6KA5
ENSG00000100796,PPP4R3A
ENSG00000100804,PSMB5
ENSG00000100811,YY1
ENSG00000100813,ACIN1
ENSG00000100815,TRIP11
ENSG00000100823,APEX1
ENSG00000100836,PABPN1
ENSG00000100883,SRP54
ENSG00000100902,PSMA6
ENSG00000100911,PSME2
ENSG00000100934,SEC23A
ENSG00000100938,GMPR2
ENSG00000100941,PNN
ENSG00000100949,RABGGTA
ENSG00000100982,PCIF1
ENSG00000100983,GSS
ENSG00000100985,MMP9
ENSG00000100994,PYGB
ENSG00000100997,ABHD12
ENSG00000101109,STK4
ENSG00000101126,ADNP
ENSG00000101132,PFDN4
ENSG00000101138,CSTF1
ENSG00000101146,RAE1
ENSG00000101150,TPD52L2
ENSG00000101152,DNAJC5
ENSG00000101158,NELFCD
ENSG00000101160,CTSZ
ENSG00000101161,PRPF6
ENSG00000101182,PSMA7
ENSG00000101191,DIDO1
ENSG00000101193,GID8
ENSG00000101220,C20orf27
ENSG00000101265,RASSF2
ENSG00000101266,CSNK2A1
ENSG00000101290,CDS2
ENSG00000101294,HM13
ENSG00000101307,SIRPB1
ENSG00000101310,SEC23B
ENSG00000101337,TM9SF4
ENSG00000101343,CRNKL1
ENSG00000101346,POFUT1
ENSG00000101347,SAMHD1
ENSG00000101361,NOP56
ENSG00000101365,IDH3B
ENSG00000101367,MAPRE1
ENSG00000101413,RPRD1B
ENSG00000101421,CHMP4B
ENSG00000101425,BPI
ENSG00000101444,AHCY
ENSG00000101464,PIGU
ENSG00000101474,APMAP
ENSG00000101557,USP14
ENSG00000101558,VAPA
ENSG00000101596,SMCHD1
ENSG00000101608,MYL12A
ENSG00000101811,CSTF2
ENSG00000101843,PSMD10
ENSG00000101856,PGRMC1
ENSG00000101868,POLA1
ENSG00000101911,PRPS2
ENSG00000101916,TLR8
ENSG00000101972,STAG2
ENSG00000101997,CCDC22
ENSG00000102007,PLP2
ENSG00000102010,BMX
ENSG00000102030,NAA10
ENSG00000102032,RENBP
ENSG00000102054,RBBP7
ENSG00000102119,EMD
ENSG00000102144,"1,00 PGK"
ENSG00000102158,MAGT1
ENSG00000102172,SMS
ENSG00000102178,UBL4A
ENSG00000102189,EEA1
ENSG00000102218,RP2
ENSG00000102241,HTATSF1
ENSG00000102309,PIN4
ENSG00000102317,RBM3
ENSG00000102390,PBDC1
ENSG00000102393,GLA
ENSG00000102401,ARMCX3
ENSG00000102572,STK24
ENSG00000102580,DNAJC3
ENSG00000102606,ARHGEF7
ENSG00000102699,PARP4
ENSG00000102738,MRPS31
ENSG00000102753,KPNA3
ENSG00000102837,OLFM4
ENSG00000102871,TRADD
ENSG00000102879,CORO1A
ENSG00000102882,MAPK3
ENSG00000102893,PHKB
ENSG00000102898,NUTF2
ENSG00000102900,NUP93
ENSG00000102921,N4BP1
ENSG00000102967,DHODH
ENSG00000102974,CTCF
ENSG00000102978,POLR2C
ENSG00000103018,CYB5B
ENSG00000103024,NME3
ENSG00000103035,PSMD7
ENSG00000103043,VAC14
ENSG00000103051,COG4
ENSG00000103111,MON1B
ENSG00000103150,MLYCD
ENSG00000103152,MPG
ENSG00000103187,COTL1
ENSG00000103194,USP10
ENSG00000103196,CRISPLD2
ENSG00000103257,SLC7A5
ENSG00000103266,STUB1
ENSG00000103275,UBE2I
ENSG00000103313,MEFV
ENSG00000103342,GSPT1
ENSG00000103363,ELOB
ENSG00000103381,CPPED1
ENSG00000103426,CORO7-PAM16
ENSG00000103495,MAZ
ENSG00000103496,STX4
ENSG00000103502,CDIPT
ENSG00000103544,VPS35L
ENSG00000103549,RNF40
ENSG00000103591,AAGAB
ENSG00000103642,LACTB
ENSG00000103653,CSK
ENSG00000103811,CTSH
ENSG00000103876,FAH
ENSG00000103966,EHD4
ENSG00000103978,TMEM87A
ENSG00000104043,ATP8B4
ENSG00000104093,DMXL2
ENSG00000104129,DNAJC17
ENSG00000104131,EIF3J
ENSG00000104142,VPS18
ENSG00000104164,BLOC1S6
ENSG00000104205,SGK3
ENSG00000104267,CA2
ENSG00000104320,NBN
ENSG00000104325,DECR1
ENSG00000104365,IKBKB
ENSG00000104388,RAB2A
ENSG00000104408,EIF3E
ENSG00000104412,EMC2
ENSG00000104419,NDRG1
ENSG00000104442,ARMC1
ENSG00000104518,GSDMD
ENSG00000104522,TSTA3
ENSG00000104529,EEF1D
ENSG00000104613,INTS10
ENSG00000104626,ERI1
ENSG00000104643,MTMR9
ENSG00000104687,GSR
ENSG00000104738,MCM4
ENSG00000104763,ASAH1
ENSG00000104774,MAN2B1
ENSG00000104805,NUCB1
ENSG00000104812,GYS1
ENSG00000104823,ECH1
ENSG00000104824,HNRNPL
ENSG00000104835,SARS2
ENSG00000104852,SNRNP70
ENSG00000104853,CLPTM1
ENSG00000104870,FCGRT
ENSG00000104880,ARHGEF18
ENSG00000104889,RNASEH2A
ENSG00000104894,CD37
ENSG00000104897,SF3A2
ENSG00000104915,STX10
ENSG00000104918,RETN
ENSG00000104969,SGTA
ENSG00000104980,TIMM44
ENSG00000105011,ASF1B
ENSG00000105053,VRK3
ENSG00000105063,PPP6R1
ENSG00000105122,RASAL3
ENSG00000105127,AKAP8
ENSG00000105135,ILVBL
ENSG00000105185,PDCD5
ENSG00000105193,RPS16
ENSG00000105197,TIMM50
ENSG00000105202,FBL
ENSG00000105205,CLC
ENSG00000105220,GPI
ENSG00000105221,AKT2
ENSG00000105223,PLD3
ENSG00000105254,TBCB
ENSG00000105281,SLC1A5
ENSG00000105287,PRKD2
ENSG00000105323,HNRNPUL1
ENSG00000105329,TGFB1
ENSG00000105339,DENND3
ENSG00000105355,PLIN3
ENSG00000105357,MYH14
ENSG00000105364,MRPL4
ENSG00000105372,RPS19
ENSG00000105379,ETFB
ENSG00000105383,CD33
ENSG00000105393,BABAM1
ENSG00000105401,CDC37
ENSG00000105402,NAPA
ENSG00000105404,RABAC1
ENSG00000105438,KDELR1
ENSG00000105447,GRWD1
ENSG00000105472,CLEC11A
ENSG00000105486,LIG1
ENSG00000105501,SIGLEC5
ENSG00000105514,RAB3D
ENSG00000105518,TMEM205
ENSG00000105552,BCAT2
ENSG00000105568,PPP2R1A
ENSG00000105576,TNPO2
ENSG00000105607,GCDH
ENSG00000105618,PRPF31
ENSG00000105640,RPL18A
ENSG00000105649,RAB3A
ENSG00000105677,TMEM147
ENSG00000105701,FKBP8
ENSG00000105723,GSK3A
ENSG00000105726,ATP13A1
ENSG00000105755,ETHE1
ENSG00000105810,CDK6
ENSG00000105819,PMPCB
ENSG00000105835,NAMPT
ENSG00000105851,PIK3CG
ENSG00000105875,WDR91
ENSG00000105887,MTPN
ENSG00000105939,ZC3HAV1
ENSG00000105953,OGDH
ENSG00000105968,H2AFV
ENSG00000106028,SSBP1
ENSG00000106049,HIBADH
ENSG00000106052,TAX1BP1
ENSG00000106066,CPVL
ENSG00000106105,GARS
ENSG00000106144,CASP2
ENSG00000106153,CHCHD2
ENSG00000106244,PDAP1
ENSG00000106245,BUD31
ENSG00000106263,EIF3B
ENSG00000106268,NUDT1
ENSG00000106348,IMPDH1
ENSG00000106355,"5,00 LSM"
ENSG00000106399,RPA3
ENSG00000106554,CHCHD3
ENSG00000106605,BLVRA
ENSG00000106615,RHEB
ENSG00000106628,POLD2
ENSG00000106636,YKT6
ENSG00000106638,TBL2
ENSG00000106682,EIF4H
ENSG00000106771,TMEM245
ENSG00000106772,PRUNE2
ENSG00000106799,TGFBR1
ENSG00000106803,SEC61B
ENSG00000106853,PTGR1
ENSG00000107020,PLGRKT
ENSG00000107021,TBC1D13
ENSG00000107099,DOCK8
ENSG00000107201,DDX58
ENSG00000107223,EDF1
ENSG00000107262,BAG1
ENSG00000107341,UBE2R2
ENSG00000107362,ABHD17B
ENSG00000107554,DNMBP
ENSG00000107566,ERLIN1
ENSG00000107581,EIF3A
ENSG00000107625,DDX50
ENSG00000107651,SEC23IP
ENSG00000107738,VSIR
ENSG00000107745,MICU1
ENSG00000107758,PPP3CB
ENSG00000107862,GBF1
ENSG00000107897,ACBD5
ENSG00000107929,LARP4B
ENSG00000107937,GTPBP4
ENSG00000107949,BCCIP
ENSG00000107959,PITRM1
ENSG00000108010,GLRX3
ENSG00000108039,XPNPEP1
ENSG00000108055,SMC3
ENSG00000108061,SHOC2
ENSG00000108064,TFAM
ENSG00000108094,CUL2
ENSG00000108100,CCNY
ENSG00000108107,RPL28
ENSG00000108179,PPIF
ENSG00000108219,TSPAN14
ENSG00000108298,RPL19
ENSG00000108312,UBTF
ENSG00000108344,PSMD3
ENSG00000108424,KPNB1
ENSG00000108439,PNPO
ENSG00000108465,CDK5RAP3
ENSG00000108468,CBX1
ENSG00000108479,GALK1
ENSG00000108518,PFN1
ENSG00000108528,SLC25A11
ENSG00000108559,NUP88
ENSG00000108561,C1QBP
ENSG00000108578,BLMH
ENSG00000108588,CCDC47
ENSG00000108591,DRG2
ENSG00000108592,FTSJ3
ENSG00000108604,SMARCD2
ENSG00000108639,SYNGR2
ENSG00000108654,DDX5
ENSG00000108669,CYTH1
ENSG00000108671,PSMD11
ENSG00000108679,LGALS3BP
ENSG00000108774,RAB5C
ENSG00000108819,PPP1R9B
ENSG00000108828,VAT1
ENSG00000108829,LRRC59
ENSG00000108848,LUC7L3
ENSG00000108883,EFTUD2
ENSG00000108946,PRKAR1A
ENSG00000108953,YWHAE
ENSG00000109016,DHRS7B
ENSG00000109062,SLC9A3R1
ENSG00000109107,ALDOC
ENSG00000109111,SUPT6H
ENSG00000109133,TMEM33
ENSG00000109180,OCIAD1
ENSG00000109270,LAMTOR3
ENSG00000109320,NFKB1
ENSG00000109323,MANBA
ENSG00000109475,RPL34
ENSG00000109519,GRPEL1
ENSG00000109534,GAR1
ENSG00000109536,FRG1
ENSG00000109606,DHX15
ENSG00000109736,MFSD10
ENSG00000109743,BST1
ENSG00000109805,NCAPG
ENSG00000109814,UGDH
ENSG00000109854,HTATIP2
ENSG00000109861,CTSC
ENSG00000109917,ZPR1
ENSG00000109919,MTCH2
ENSG00000110047,EHD1
ENSG00000110048,OSBP
ENSG00000110057,UNC93B1
ENSG00000110063,DCPS
ENSG00000110075,PPP6R3
ENSG00000110090,CPT1A
ENSG00000110107,PRPF19
ENSG00000110108,TMEM109
ENSG00000110169,HPX
ENSG00000110172,CHORDC1
ENSG00000110245,APOC3
ENSG00000110321,EIF4G2
ENSG00000110344,UBE4A
ENSG00000110367,DDX6
ENSG00000110395,CBL
ENSG00000110442,COMMD9
ENSG00000110619,CARS
ENSG00000110700,RPS13
ENSG00000110711,AIP
ENSG00000110713,NUP98
ENSG00000110717,NDUFS8
ENSG00000110719,TCIRG1
ENSG00000110801,PSMD9
ENSG00000110880,CORO1C
ENSG00000110917,MLEC
ENSG00000110934,BIN2
ENSG00000110955,ATP5F1B
ENSG00000110958,PTGES3
ENSG00000111142,METAP2
ENSG00000111144,LTA4H
ENSG00000111229,ARPC3
ENSG00000111237,VPS29
ENSG00000111275,ALDH2
ENSG00000111300,NAA25
ENSG00000111331,OAS3
ENSG00000111335,OAS2
ENSG00000111348,ARHGDIB
ENSG00000111361,EIF2B1
ENSG00000111445,RFC5
ENSG00000111481,COPZ1
ENSG00000111530,CAND1
ENSG00000111540,RAB5B
ENSG00000111581,NUP107
ENSG00000111605,CPSF6
ENSG00000111640,GAPDH
ENSG00000111641,NOP2
ENSG00000111642,CHD4
ENSG00000111652,COPS7A
ENSG00000111667,USP5
ENSG00000111669,TPI1
ENSG00000111679,PTPN6
ENSG00000111684,LPCAT3
ENSG00000111711,GOLT1B
ENSG00000111716,LDHB
ENSG00000111725,PRKAB1
ENSG00000111729,CLEC4A
ENSG00000111731,C2CD5
ENSG00000111737,RAB35
ENSG00000111786,SRSF9
ENSG00000111790,FGFR1OP2
ENSG00000111859,NEDD9
ENSG00000111880,RNGTT
ENSG00000111897,SERINC1
ENSG00000111906,HDDC2
ENSG00000111911,HINT3
ENSG00000112062,MAPK14
ENSG00000112079,STK38
ENSG00000112081,SRSF3
ENSG00000112096,SOD2
ENSG00000112249,ASCC3
ENSG00000112282,MED23
ENSG00000112297,CRYBG1
ENSG00000112299,"1,00 VNN"
ENSG00000112303,"2,00 VNN"
ENSG00000112304,ACOT13
ENSG00000112305,SMAP1
ENSG00000112306,RPS12
ENSG00000112335,SNX3
ENSG00000112339,HBS1L
ENSG00000112343,TRIM38
ENSG00000112514,CUTA
ENSG00000112531,QKI
ENSG00000112592,TBP
ENSG00000112667,DNPH1
ENSG00000112685,EXOC2
ENSG00000112695,COX7A2
ENSG00000112697,TMEM30A
ENSG00000112699,GMDS
ENSG00000112739,PRPF4B
ENSG00000112759,SLC29A1
ENSG00000112851,ERBIN
ENSG00000112893,MAN2A1
ENSG00000112992,NNT
ENSG00000113013,HSPA9
ENSG00000113048,MRPS27
ENSG00000113068,PFDN1
ENSG00000113141,IK
ENSG00000113163,COL4A3BP
ENSG00000113194,FAF2
ENSG00000113273,ARSB
ENSG00000113312,TTC1
ENSG00000113318,MSH3
ENSG00000113368,LMNB1
ENSG00000113384,GOLPH3
ENSG00000113387,SUB1
ENSG00000113407,TARS
ENSG00000113441,LNPEP
ENSG00000113448,PDE4D
ENSG00000113460,BRIX1
ENSG00000113522,RAD50
ENSG00000113552,GNPDA1
ENSG00000113558,SKP1
ENSG00000113569,NUP155
ENSG00000113593,PPWD1
ENSG00000113615,SEC24A
ENSG00000113643,RARS
ENSG00000113648,H2AFY
ENSG00000113649,TCERG1
ENSG00000113712,CSNK1A1
ENSG00000113790,EHHADH
ENSG00000113810,SMC4
ENSG00000113889,KNG1
ENSG00000114021,NIT2
ENSG00000114023,FAM162A
ENSG00000114030,KPNA1
ENSG00000114062,UBE3A
ENSG00000114098,ARMC8
ENSG00000114127,XRN1
ENSG00000114209,PDCD10
ENSG00000114302,PRKAR2A
ENSG00000114316,USP4
ENSG00000114331,ACAP2
ENSG00000114354,TFG
ENSG00000114391,RPL24
ENSG00000114416,FXR1
ENSG00000114450,GNB4
ENSG00000114480,GBE1
ENSG00000114491,UMPS
ENSG00000114573,ATP6V1A
ENSG00000114738,MAPKAPK3
ENSG00000114744,COMMD2
ENSG00000114779,ABHD14B
ENSG00000114850,SSR3
ENSG00000114861,FOXP1
ENSG00000114867,EIF4G1
ENSG00000114902,SPCS1
ENSG00000114942,EEF1B2
ENSG00000114956,DGUOK
ENSG00000114978,MOB1A
ENSG00000115053,NCL
ENSG00000115073,ACTR1B
ENSG00000115091,ACTR3
ENSG00000115128,SF3B6
ENSG00000115129,TP53I3
ENSG00000115145,STAM2
ENSG00000115159,GPD2
ENSG00000115207,GTF3C2
ENSG00000115216,NRBP1
ENSG00000115232,ITGA4
ENSG00000115233,PSMD14
ENSG00000115234,SNX17
ENSG00000115241,PPM1G
ENSG00000115268,RPS15
ENSG00000115271,GCA
ENSG00000115275,MOGS
ENSG00000115286,NDUFS7
ENSG00000115306,SPTBN1
ENSG00000115307,AUP1
ENSG00000115317,HTRA2
ENSG00000115325,DOK1
ENSG00000115364,MRPL19
ENSG00000115365,LANCL1
ENSG00000115415,STAT1
ENSG00000115419,GLS
ENSG00000115425,PECR
ENSG00000115484,CCT4
ENSG00000115524,SF3B1
ENSG00000115541,HSPE1
ENSG00000115561,CHMP3
ENSG00000115677,HDLBP
ENSG00000115685,PPP1R7
ENSG00000115756,HPCAL1
ENSG00000115760,BIRC6
ENSG00000115806,GORASP2
ENSG00000115808,STRN
ENSG00000115816,CEBPZ
ENSG00000115828,QPCT
ENSG00000115839,RAB3GAP1
ENSG00000115866,DARS
ENSG00000115875,SRSF7
ENSG00000115902,SLC1A4
ENSG00000115935,WIPF1
ENSG00000115942,ORC2
ENSG00000115956,PLEK
ENSG00000115977,AAK1
ENSG00000116005,PCYOX1
ENSG00000116017,ARID3A
ENSG00000116030,SUMO1
ENSG00000116062,MSH6
ENSG00000116120,FARSB
ENSG00000116157,GPX7
ENSG00000116161,CACYBP
ENSG00000116171,SCP2
ENSG00000116221,MRPL37
ENSG00000116251,RPL22
ENSG00000116260,QSOX1
ENSG00000116266,STXBP3
ENSG00000116288,PARK7
ENSG00000116337,AMPD2
ENSG00000116350,SRSF4
ENSG00000116459,ATP5PB
ENSG00000116473,RAP1A
ENSG00000116478,HDAC1
ENSG00000116489,CAPZA1
ENSG00000116521,SCAMP3
ENSG00000116560,SFPQ
ENSG00000116584,ARHGEF2
ENSG00000116586,LAMTOR2
ENSG00000116649,SRM
ENSG00000116663,FBXO6
ENSG00000116679,IVNS1ABP
ENSG00000116685,KIAA2013
ENSG00000116688,MFN2
ENSG00000116701,NCF2
ENSG00000116711,PLA2G4A
ENSG00000116747,TROVE2
ENSG00000116750,UCHL5
ENSG00000116752,BCAS2
ENSG00000116754,SRSF11
ENSG00000116791,CRYZ
ENSG00000116815,CD58
ENSG00000116863,ADPRHL2
ENSG00000116871,MAP7D1
ENSG00000116903,EXOC8
ENSG00000116906,GNPAT
ENSG00000116918,TSNAX
ENSG00000116954,RRAGC
ENSG00000116957,
ENSG00000116977,LGALS8
ENSG00000117091,CD48
ENSG00000117115,PADI2
ENSG00000117118,SDHB
ENSG00000117143,UAP1
ENSG00000117151,CTBS
ENSG00000117222,RBBP5
ENSG00000117228,GBP1
ENSG00000117305,HMGCL
ENSG00000117308,GALE
ENSG00000117335,CD46
ENSG00000117360,PRPF3
ENSG00000117385,P3H1
ENSG00000117395,EBNA1BP2
ENSG00000117419,ERI3
ENSG00000117448,AKR1A1
ENSG00000117450,PRDX1
ENSG00000117500,TMED5
ENSG00000117505,DR1
ENSG00000117528,ABCD3
ENSG00000117592,PRDX6
ENSG00000117593,DARS2
ENSG00000117632,STMN1
ENSG00000117676,RPS6KA1
ENSG00000117691,NENF
ENSG00000117713,ARID1A
ENSG00000117748,RPA2
ENSG00000117751,PPP1R8
ENSG00000117758,STX12
ENSG00000117859,OSBPL9
ENSG00000117862,TXNDC12
ENSG00000117868,ESYT2
ENSG00000117899,MESD
ENSG00000117984,CTSD
ENSG00000118113,MMP8
ENSG00000118137,APOA1
ENSG00000118181,RPS25
ENSG00000118271,TTR
ENSG00000118308,LRMP
ENSG00000118363,SPCS2
ENSG00000118482,PHF3
ENSG00000118508,RAB32
ENSG00000118520,ARG1
ENSG00000118640,VAMP8
ENSG00000118705,RPN2
ENSG00000118804,STBD1
ENSG00000118855,MFSD1
ENSG00000118873,RAB3GAP2
ENSG00000118939,UCHL3
ENSG00000118960,HS1BP3
ENSG00000118961,LDAH
ENSG00000119004,CYP20A1
ENSG00000119013,NDUFB3
ENSG00000119041,GTF3C3
ENSG00000119203,CPSF3
ENSG00000119285,HEATR1
ENSG00000119314,PTBP3
ENSG00000119318,RAD23B
ENSG00000119321,FKBP15
ENSG00000119335,SET
ENSG00000119383,PTPA
ENSG00000119396,RAB14
ENSG00000119414,PPP6C
ENSG00000119421,NDUFA8
ENSG00000119471,HSDL2
ENSG00000119523,ALG2
ENSG00000119541,VPS4B
ENSG00000119596,YLPM1
ENSG00000119638,NEK9
ENSG00000119640,ACYP1
ENSG00000119655,NPC2
ENSG00000119689,DLST
ENSG00000119705,SLIRP
ENSG00000119707,RBM25
ENSG00000119711,ALDH6A1
ENSG00000119718,EIF2B2
ENSG00000119723,COQ6
ENSG00000119777,TMEM214
ENSG00000119787,ATL2
ENSG00000119862,LGALSL
ENSG00000119899,SLC17A5
ENSG00000119900,OGFRL1
ENSG00000119912,IDE
ENSG00000119917,IFIT3
ENSG00000119922,IFIT2
ENSG00000119929,CUTC
ENSG00000119953,SMNDC1
ENSG00000119979,FAM45A
ENSG00000120008,WDR11
ENSG00000120029,C10orf76
ENSG00000120053,GOT1
ENSG00000120063,GNA13
ENSG00000120253,NUP43
ENSG00000120265,PCMT1
ENSG00000120318,ARAP3
ENSG00000120437,ACAT2
ENSG00000120438,TCP1
ENSG00000120526,NUDCD1
ENSG00000120533,ENY2
ENSG00000120686,UFM1
ENSG00000120690,ELF1
ENSG00000120694,HSPH1
ENSG00000120697,ALG5
ENSG00000120699,EXOSC8
ENSG00000120705,ETF1
ENSG00000120733,KDM3B
ENSG00000120756,PLS1
ENSG00000120802,TMPO
ENSG00000120805,"1,00 ARL"
ENSG00000120868,APAF1
ENSG00000120899,PTK2B
ENSG00000120913,PDLIM2
ENSG00000120948,TARDBP
ENSG00000120992,LYPLA1
ENSG00000121022,COPS5
ENSG00000121053,EPX
ENSG00000121058,COIL
ENSG00000121060,TRIM25
ENSG00000121064,SCPEP1
ENSG00000121152,NCAPH
ENSG00000121316,PLBD1
ENSG00000121390,PSPC1
ENSG00000121410,A1BG
ENSG00000121552,CSTA
ENSG00000121579,NAA50
ENSG00000121680,PEX16
ENSG00000121691,CAT
ENSG00000121749,TBC1D15
ENSG00000121774,KHDRBS1
ENSG00000121892,PDS5A
ENSG00000122026,RPL21
ENSG00000122068,FYTTD1
ENSG00000122122,SASH3
ENSG00000122140,MRPS2
ENSG00000122218,COPA
ENSG00000122359,ANXA11
ENSG00000122406,RPL5
ENSG00000122545,SEPT7
ENSG00000122565,CBX3
ENSG00000122566,HNRNPA2B1
ENSG00000122674,CCZ1
ENSG00000122692,SMU1
ENSG00000122694,GLIPR2
ENSG00000122705,CLTA
ENSG00000122729,ACO1
ENSG00000122861,PLAU
ENSG00000122862,SRGN
ENSG00000122873,CISD1
ENSG00000122884,P4HA1
ENSG00000122958,VPS26A
ENSG00000122971,ACADS
ENSG00000122986,HVCN1
ENSG00000123064,DDX54
ENSG00000123104,ITPR2
ENSG00000123130,ACOT9
ENSG00000123131,PRDX4
ENSG00000123136,DDX39A
ENSG00000123143,PKN1
ENSG00000123144,TRIR
ENSG00000123146,ADGRE5
ENSG00000123213,NLN
ENSG00000123297,TSFM
ENSG00000123329,ARHGAP9
ENSG00000123338,NCKAP1L
ENSG00000123349,PFDN5
ENSG00000123374,CDK2
ENSG00000123405,NFE2
ENSG00000123595,RAB9A
ENSG00000123609,NMI
ENSG00000123610,TNFAIP6
ENSG00000123684,LPGAT1
ENSG00000123728,RAP2C
ENSG00000123737,EXOSC9
ENSG00000123983,ACSL3
ENSG00000123992,DNPEP
ENSG00000124107,SLPI
ENSG00000124126,PREX1
ENSG00000124155,PIGT
ENSG00000124160,NCOA5
ENSG00000124164,VAPB
ENSG00000124193,SRSF6
ENSG00000124198,ARFGEF2
ENSG00000124207,CSE1L
ENSG00000124209,RAB22A
ENSG00000124214,STAU1
ENSG00000124226,RNF114
ENSG00000124299,PEPD
ENSG00000124333,VAMP7
ENSG00000124356,STAMBP
ENSG00000124406,ATP8A1
ENSG00000124469,CEACAM8
ENSG00000124486,USP9X
ENSG00000124523,SIRT5
ENSG00000124562,SNRPC
ENSG00000124570,SERPINB6
ENSG00000124571,XPO5
ENSG00000124575,HIST1H1D
ENSG00000124588,NQO2
ENSG00000124596,OARD1
ENSG00000124614,RPS10
ENSG00000124767,GLO1
ENSG00000124783,SSR1
ENSG00000124789,NUP153
ENSG00000124795,DEK
ENSG00000124802,EEF1E1
ENSG00000124831,LRRFIP1
ENSG00000125037,EMC3
ENSG00000125107,CNOT1
ENSG00000125166,GOT2
ENSG00000125304,TM9SF2
ENSG00000125352,RNF113A
ENSG00000125354,SEPT6
ENSG00000125445,MRPS7
ENSG00000125447,GGA3
ENSG00000125450,NUP85
ENSG00000125457,MIF4GD
ENSG00000125503,PPP1R12C
ENSG00000125633,CCDC93
ENSG00000125637,PSD4
ENSG00000125651,GTF2F1
ENSG00000125656,CLPP
ENSG00000125676,THOC2
ENSG00000125686,MED1
ENSG00000125691,RPL23
ENSG00000125730,C3
ENSG00000125743,SNRPD2
ENSG00000125746,EML2
ENSG00000125753,VASP
ENSG00000125755,SYMPK
ENSG00000125772,GPCPD1
ENSG00000125810,CD93
ENSG00000125818,PSMF1
ENSG00000125826,RBCK1
ENSG00000125827,TMX4
ENSG00000125835,SNRPB
ENSG00000125844,RRBP1
ENSG00000125868,DSTN
ENSG00000125870,SNRPB2
ENSG00000125877,ITPA
ENSG00000125901,MRPS26
ENSG00000125912,NCLN
ENSG00000125970,RALY
ENSG00000125971,DYNLRB1
ENSG00000125977,EIF2S2
ENSG00000125991,ERGIC3
ENSG00000126067,PSMB2
ENSG00000126088,UROD
ENSG00000126107,HECTD3
ENSG00000126214,KLC1
ENSG00000126216,TUBGCP3
ENSG00000126226,PCID2
ENSG00000126247,CAPNS1
ENSG00000126254,RBM42
ENSG00000126261,UBA2
ENSG00000126267,COX6B1
ENSG00000126432,PRDX5
ENSG00000126457,PRMT1
ENSG00000126522,ASL
ENSG00000126561,STAT5A
ENSG00000126602,TRAP1
ENSG00000126698,DNAJC8
ENSG00000126746,ZNF384
ENSG00000126749,EMG1
ENSG00000126759,CFP
ENSG00000126777,KTN1
ENSG00000126858,RHOT1
ENSG00000126883,NUP214
ENSG00000126934,MAP2K2
ENSG00000126945,HNRNPH2
ENSG00000126953,TIMM8A
ENSG00000127022,CANX
ENSG00000127084,FGD3
ENSG00000127125,PPCS
ENSG00000127184,COX7C
ENSG00000127445,PIN1
ENSG00000127463,EMC1
ENSG00000127481,UBR4
ENSG00000127483,HP1BP3
ENSG00000127527,EPS15L1
ENSG00000127603,MACF1
ENSG00000127616,SMARCA4
ENSG00000127884,ECHS1
ENSG00000127946,HIP1
ENSG00000127947,PTPN12
ENSG00000127948,POR
ENSG00000127951,FGL2
ENSG00000127954,STEAP4
ENSG00000128050,PAICS
ENSG00000128059,PPAT
ENSG00000128228,SDF2L1
ENSG00000128245,YWHAH
ENSG00000128309,MPST
ENSG00000128311,TST
ENSG00000128524,ATP6V1F
ENSG00000128534,"8,00 LSM"
ENSG00000128604,IRF5
ENSG00000128609,NDUFA5
ENSG00000128654,MTX2
ENSG00000128708,HAT1
ENSG00000128789,PSMG2
ENSG00000128815,WDFY4
ENSG00000128928,IVD
ENSG00000128951,DUT
ENSG00000129003,VPS13C
ENSG00000129071,MBD4
ENSG00000129083,COPB1
ENSG00000129084,PSMA1
ENSG00000129103,SUMF2
ENSG00000129128,SPCS3
ENSG00000129187,DCTD
ENSG00000129235,TXNDC17
ENSG00000129255,MPDU1
ENSG00000129351,ILF3
ENSG00000129353,SLC44A2
ENSG00000129450,SIGLEC9
ENSG00000129465,RIPK3
ENSG00000129515,SNX6
ENSG00000129562,DAD1
ENSG00000129625,REEP5
ENSG00000129675,ARHGEF6
ENSG00000129691,ASH2L
ENSG00000129933,MAU2
ENSG00000130038,CRACR2A
ENSG00000130150,MOSPD2
ENSG00000130175,PRKCSH
ENSG00000130193,THEM6
ENSG00000130204,TOMM40
ENSG00000130208,APOC1
ENSG00000130227,XPO7
ENSG00000130254,SAFB2
ENSG00000130255,RPL36
ENSG00000130305,NSUN5
ENSG00000130309,COLGALT1
ENSG00000130313,PGLS
ENSG00000130332,"7,00 LSM"
ENSG00000130402,ACTN4
ENSG00000130414,NDUFA10
ENSG00000130429,ARPC1B
ENSG00000130475,FCHO1
ENSG00000130479,MAP1S
ENSG00000130520,"4,00 LSM"
ENSG00000130589,HELZ2
ENSG00000130592,LSP1
ENSG00000130638,ATXN10
ENSG00000130703,OSBPL2
ENSG00000130706,ADRM1
ENSG00000130713,EXOSC2
ENSG00000130724,CHMP2A
ENSG00000130725,UBE2M
ENSG00000130726,TRIM28
ENSG00000130741,EIF2S3
ENSG00000130749,ZC3H4
ENSG00000130755,GMFG
ENSG00000130764,LRRC47
ENSG00000130770,ATP5IF1
ENSG00000130775,THEMIS2
ENSG00000130779,CLIP1
ENSG00000130811,EIF3G
ENSG00000130816,DNMT1
ENSG00000130826,DKC1
ENSG00000130830,MPP1
ENSG00000130985,UBA1
ENSG00000131013,PPIL4
ENSG00000131018,SYNE1
ENSG00000131042,LILRB2
ENSG00000131051,RBM39
ENSG00000131069,ACSS2
ENSG00000131100,ATP6V1E1
ENSG00000131143,COX4I1
ENSG00000131165,CHMP1A
ENSG00000131171,SH3BGRL
ENSG00000131236,CAP1
ENSG00000131238,PPT1
ENSG00000131355,ADGRE3
ENSG00000131374,TBC1D5
ENSG00000131375,CAPN7
ENSG00000131446,MGAT1
ENSG00000131462,TUBG1
ENSG00000131467,PSME3
ENSG00000131469,RPL27
ENSG00000131473,ACLY
ENSG00000131475,VPS25
ENSG00000131558,EXOC4
ENSG00000131652,THOC6
ENSG00000131669,NINJ1
ENSG00000131725,WDR44
ENSG00000131747,TOP2A
ENSG00000131779,PEX11B
ENSG00000131828,PDHA1
ENSG00000131844,MCCC2
ENSG00000131876,SNRPA1
ENSG00000131966,ACTR10
ENSG00000131981,LGALS3
ENSG00000132002,DNAJB1
ENSG00000132109,TRIM21
ENSG00000132155,RAF1
ENSG00000132182,NUP210
ENSG00000132275,RRP8
ENSG00000132300,PTCD3
ENSG00000132323,ILKAP
ENSG00000132334,PTPRE
ENSG00000132341,RAN
ENSG00000132356,PRKAA1
ENSG00000132357,CARD6
ENSG00000132359,RAP1GAP2
ENSG00000132376,INPP5K
ENSG00000132382,MYBBP1A
ENSG00000132383,RPA1
ENSG00000132388,UBE2G1
ENSG00000132394,EEFSEC
ENSG00000132432,SEC61G
ENSG00000132434,LANCL2
ENSG00000132471,WBP2
ENSG00000132475,H3F3B
ENSG00000132485,ZRANB2
ENSG00000132507,EIF5A
ENSG00000132570,PCBD2
ENSG00000132581,SDF2
ENSG00000132589,FLOT2
ENSG00000132604,TERF2
ENSG00000132612,VPS4A
ENSG00000132646,PCNA
ENSG00000132676,DAP3
ENSG00000132703,APCS
ENSG00000132780,NASP
ENSG00000132792,CTNNBL1
ENSG00000132819,RBM38
ENSG00000132825,PPP1R3D
ENSG00000132842,AP3B1
ENSG00000132912,DCTN4
ENSG00000132953,XPO4
ENSG00000132965,ALOX5AP
ENSG00000133028,SCO1
ENSG00000133048,CHI3L1
ENSG00000133063,CHIT1
ENSG00000133104,SPART
ENSG00000133112,TPT1
ENSG00000133119,RFC3
ENSG00000133195,SLC39A11
ENSG00000133226,SRRM1
ENSG00000133265,HSPBP1
ENSG00000133313,CNDP2
ENSG00000133317,LGALS12
ENSG00000133318,RTN3
ENSG00000133574,GIMAP4
ENSG00000133703,KRAS
ENSG00000133704,IPO8
ENSG00000133706,LARS
ENSG00000133731,IMPA1
ENSG00000133789,SWAP70
ENSG00000133805,AMPD3
ENSG00000133835,HSD17B4
ENSG00000133884,DPF2
ENSG00000133935,ERG28
ENSG00000133961,NUMB
ENSG00000134001,EIF2S1
ENSG00000134014,ELP3
ENSG00000134046,MBD2
ENSG00000134077,THUMPD3
ENSG00000134108,ARL8B
ENSG00000134186,PRPF38B
ENSG00000134215,VAV3
ENSG00000134242,PTPN22
ENSG00000134243,SORT1
ENSG00000134248,LAMTOR5
ENSG00000134256,CD101
ENSG00000134265,NAPG
ENSG00000134283,PPHLN1
ENSG00000134285,FKBP11
ENSG00000134308,YWHAQ
ENSG00000134318,ROCK2
ENSG00000134330,IAH1
ENSG00000134333,LDHA
ENSG00000134371,CDC73
ENSG00000134440,NARS
ENSG00000134453,RBM17
ENSG00000134516,DOCK2
ENSG00000134574,DDB2
ENSG00000134575,ACP2
ENSG00000134594,RAB33A
ENSG00000134602,STK26
ENSG00000134644,PUM1
ENSG00000134684,YARS
ENSG00000134698,AGO4
ENSG00000134748,PRPF38A
ENSG00000134827,TCN1
ENSG00000134884,ARGLU1
ENSG00000134900,TPP2
ENSG00000134905,CARS2
ENSG00000134910,STT3A
ENSG00000134987,WDR36
ENSG00000134996,OSTF1
ENSG00000135018,UBQLN1
ENSG00000135046,ANXA1
ENSG00000135048,TMEM2
ENSG00000135049,AGTPBP1
ENSG00000135069,PSAT1
ENSG00000135090,TAOK3
ENSG00000135148,TRAFD1
ENSG00000135269,TES
ENSG00000135372,NAT10
ENSG00000135404,CD63
ENSG00000135439,AGAP2
ENSG00000135441,BLOC1S1
ENSG00000135457,TFCP2
ENSG00000135486,HNRNPA1
ENSG00000135596,MICAL1
ENSG00000135604,STX11
ENSG00000135624,CCT7
ENSG00000135655,USP15
ENSG00000135677,GNS
ENSG00000135709,KIAA0513
ENSG00000135766,EGLN1
ENSG00000135775,COG2
ENSG00000135776,ABCB10
ENSG00000135821,GLUL
ENSG00000135828,RNASEL
ENSG00000135829,DHX9
ENSG00000135842,FAM129A
ENSG00000135900,MRPL44
ENSG00000135905,DOCK10
ENSG00000135930,EIF4E2
ENSG00000135932,CAB39
ENSG00000135940,COX5B
ENSG00000135966,TGFBRAP1
ENSG00000135972,MRPS9
ENSG00000136021,SCYL2
ENSG00000136026,CKAP4
ENSG00000136040,PLXNC1
ENSG00000136051,WASHC4
ENSG00000136068,FLNB
ENSG00000136100,VPS36
ENSG00000136104,RNASEH2B
ENSG00000136143,SUCLA2
ENSG00000136156,ITM2B
ENSG00000136167,LCP1
ENSG00000136193,SCRN1
ENSG00000136238,RAC1
ENSG00000136261,BZW2
ENSG00000136280,CCM2
ENSG00000136286,MYO1G
ENSG00000136404,TM6SF1
ENSG00000136436,CALCOCO2
ENSG00000136448,NMT1
ENSG00000136450,SRSF1
ENSG00000136451,VEZF1
ENSG00000136478,TEX2
ENSG00000136485,DCAF7
ENSG00000136518,ACTL6A
ENSG00000136521,NDUFB5
ENSG00000136522,MRPL47
ENSG00000136527,TRA2B
ENSG00000136628,EPRS
ENSG00000136631,VPS45
ENSG00000136699,SMPD4
ENSG00000136731,UGGT1
ENSG00000136738,STAM
ENSG00000136754,ABI1
ENSG00000136770,DNAJC1
ENSG00000136783,NIPSNAP3A
ENSG00000136810,TXN
ENSG00000136813,ECPAS
ENSG00000136816,TOR1B
ENSG00000136824,SMC2
ENSG00000136827,TOR1A
ENSG00000136875,PRPF4
ENSG00000136888,ATP6V1G1
ENSG00000136891,TEX10
ENSG00000136930,PSMB7
ENSG00000136937,NCBP1
ENSG00000136938,ANP32B
ENSG00000136942,RPL35
ENSG00000136950,ARPC5L
ENSG00000136986,DERL1
ENSG00000137055,PLAA
ENSG00000137076,TLN1
ENSG00000137100,DCTN3
ENSG00000137106,GRHPR
ENSG00000137124,ALDH1B1
ENSG00000137133,HINT2
ENSG00000137154,RPS6
ENSG00000137161,CNPY3
ENSG00000137168,PPIL1
ENSG00000137177,KIF13A
ENSG00000137200,CMTR1
ENSG00000137275,RIPK1
ENSG00000137309,HMGA1
ENSG00000137312,FLOT1
ENSG00000137337,"1,00 MDC"
ENSG00000137364,TPMT
ENSG00000137404,NRM
ENSG00000137462,TLR2
ENSG00000137486,ARRB1
ENSG00000137497,NUMA1
ENSG00000137509,PRCP
ENSG00000137547,MRPL15
ENSG00000137563,GGH
ENSG00000137642,SORL1
ENSG00000137710,RDX
ENSG00000137713,PPP2R1B
ENSG00000137752,CASP1
ENSG00000137767,SQOR
ENSG00000137770,CTDSPL2
ENSG00000137776,SLTM
ENSG00000137804,NUSAP1
ENSG00000137815,RTF1
ENSG00000137818,RPLP1
ENSG00000137841,PLCB2
ENSG00000137845,ADAM10
ENSG00000137944,KYAT3
ENSG00000137996,RTCA
ENSG00000138029,HADHB
ENSG00000138032,PPM1B
ENSG00000138069,RAB1A
ENSG00000138071,ACTR2
ENSG00000138073,PREB
ENSG00000138095,LRPPRC
ENSG00000138107,ACTR1A
ENSG00000138160,KIF11
ENSG00000138185,ENTPD1
ENSG00000138190,EXOC6
ENSG00000138231,DBR1
ENSG00000138246,DNAJC13
ENSG00000138279,ANXA7
ENSG00000138326,RPS24
ENSG00000138363,ATIC
ENSG00000138385,SSB
ENSG00000138398,PPIG
ENSG00000138413,IDH1
ENSG00000138430,OLA1
ENSG00000138496,PARP9
ENSG00000138592,USP8
ENSG00000138594,TMOD3
ENSG00000138600,SPPL2A
ENSG00000138614,INTS14
ENSG00000138621,PPCDC
ENSG00000138663,COPS4
ENSG00000138668,HNRNPD
ENSG00000138674,SEC31A
ENSG00000138678,GPAT3
ENSG00000138750,NUP54
ENSG00000138757,G3BP2
ENSG00000138760,SCARB2
ENSG00000138767,CNOT6L
ENSG00000138768,USO1
ENSG00000138777,PPA2
ENSG00000138794,CASP6
ENSG00000138796,HADH
ENSG00000138801,PAPSS1
ENSG00000138802,SEC24B
ENSG00000138814,PPP3CA
ENSG00000138964,PARVG
ENSG00000139083,ETV6
ENSG00000139132,FGD4
ENSG00000139178,C1RL
ENSG00000139180,NDUFA9
ENSG00000139218,SCAF11
ENSG00000139343,SNRPF
ENSG00000139370,SLC15A4
ENSG00000139433,GLTP
ENSG00000139436,GIT2
ENSG00000139496,NUP58
ENSG00000139505,MTMR6
ENSG00000139572,GPR84
ENSG00000139613,SMARCC2
ENSG00000139637,C12orf10
ENSG00000139641,ESYT1
ENSG00000139644,TMBIM6
ENSG00000139684,ESD
ENSG00000139719,VPS33A
ENSG00000139722,VPS37B
ENSG00000139725,RHOF
ENSG00000139726,DENR
ENSG00000139746,RBM26
ENSG00000139842,CUL4A
ENSG00000139921,TMX1
ENSG00000140105,WARS
ENSG00000140259,MFAP1
ENSG00000140263,SORD
ENSG00000140264,SERF2
ENSG00000140284,SLC27A2
ENSG00000140299,BNIP2
ENSG00000140319,SRP14
ENSG00000140350,ANP32A
ENSG00000140365,COMMD4
ENSG00000140368,PSTPIP1
ENSG00000140374,ETFA
ENSG00000140382,HMG20A
ENSG00000140395,WDR61
ENSG00000140455,USP3
ENSG00000140464,PML
ENSG00000140497,SCAMP2
ENSG00000140525,FANCI
ENSG00000140553,UNC45A
ENSG00000140563,MCTP2
ENSG00000140575,IQGAP1
ENSG00000140598,EFL1
ENSG00000140612,SEC11A
ENSG00000140650,PMM2
ENSG00000140678,ITGAX
ENSG00000140688,C16orf58
ENSG00000140694,PARN
ENSG00000140718,FTO
ENSG00000140740,UQCRC2
ENSG00000140749,IGSF6
ENSG00000140750,ARHGAP17
ENSG00000140829,DHX38
ENSG00000140848,CPNE2
ENSG00000140983,RHOT2
ENSG00000140988,RPS2
ENSG00000140990,NDUFB10
ENSG00000140992,PDPK1
ENSG00000141012,GALNS
ENSG00000141027,NCOR1
ENSG00000141030,COPS3
ENSG00000141127,PRPSAP2
ENSG00000141179,PCTP
ENSG00000141252,VPS53
ENSG00000141279,NPEPPS
ENSG00000141295,SCRN2
ENSG00000141367,CLTC
ENSG00000141378,PTRH2
ENSG00000141385,AFG3L2
ENSG00000141401,IMPA2
ENSG00000141429,GALNT1
ENSG00000141447,OSBPL1A
ENSG00000141452,RMC1
ENSG00000141456,PELP1
ENSG00000141480,ARRB2
ENSG00000141522,ARHGDIA
ENSG00000141524,TMC6
ENSG00000141526,SLC16A3
ENSG00000141543,EIF4A3
ENSG00000141556,TBCD
ENSG00000141560,FN3KRP
ENSG00000141741,MIEN1
ENSG00000141759,TXNL4A
ENSG00000141867,BRD4
ENSG00000141959,PFKL
ENSG00000141968,VAV1
ENSG00000141985,SH3GL1
ENSG00000142002,DPP9
ENSG00000142168,SOD1
ENSG00000142186,SCYL1
ENSG00000142188,TMEM50B
ENSG00000142192,APP
ENSG00000142197,DOPEY2
ENSG00000142208,AKT1
ENSG00000142227,EMP3
ENSG00000142230,SAE1
ENSG00000142347,MYO1F
ENSG00000142409,ZNF787
ENSG00000142507,PSMB6
ENSG00000142534,RPS11
ENSG00000142541,RPL13A
ENSG00000142583,SLC2A5
ENSG00000142634,EFHD2
ENSG00000142655,PEX14
ENSG00000142657,PGD
ENSG00000142669,SH3BGRL3
ENSG00000142765,SYTL1
ENSG00000142864,SERBP1
ENSG00000142892,PIGK
ENSG00000142937,RPS8
ENSG00000142945,KIF2C
ENSG00000143106,PSMA5
ENSG00000143149,ALDH9A1
ENSG00000143155,TIPRL
ENSG00000143158,MPC2
ENSG00000143162,CREG1
ENSG00000143183,TMCO1
ENSG00000143198,MGST3
ENSG00000143222,UFC1
ENSG00000143226,FCGR2A
ENSG00000143252,SDHC
ENSG00000143256,PFDN2
ENSG00000143321,HDGF
ENSG00000143337,TOR1AIP1
ENSG00000143353,LYPLAL1
ENSG00000143368,SF3B4
ENSG00000143376,SNX27
ENSG00000143409,MINDY1
ENSG00000143418,CERS2
ENSG00000143420,ENSA
ENSG00000143442,POGZ
ENSG00000143493,INTS7
ENSG00000143545,RAB13
ENSG00000143546,S100A8
ENSG00000143553,SNAPIN
ENSG00000143554,SLC27A3
ENSG00000143569,UBAP2L
ENSG00000143614,GATAD2B
ENSG00000143621,ILF2
ENSG00000143624,INTS3
ENSG00000143641,GALNT2
ENSG00000143653,SCCPDH
ENSG00000143669,LYST
ENSG00000143727,ACP1
ENSG00000143742,SRP9
ENSG00000143753,DEGS1
ENSG00000143771,CNIH4
ENSG00000143797,MBOAT2
ENSG00000143799,PARP1
ENSG00000143815,LBR
ENSG00000143819,EPHX1
ENSG00000143851,PTPN7
ENSG00000143862,ARL8A
ENSG00000143870,PDIA6
ENSG00000143889,HNRNPLL
ENSG00000143891,GALM
ENSG00000143924,EML4
ENSG00000143947,RPS27A
ENSG00000143977,SNRPG
ENSG00000144021,CIAO1
ENSG00000144028,SNRNP200
ENSG00000144034,TPRKB
ENSG00000144118,RALB
ENSG00000144224,UBXN4
ENSG00000144320,LNPK
ENSG00000144381,HSPD1
ENSG00000144524,COPS7B
ENSG00000144554,FANCD2
ENSG00000144566,RAB5A
ENSG00000144567,RETREG2
ENSG00000144579,CTDSP1
ENSG00000144580,CNOT9
ENSG00000144591,GMPPA
ENSG00000144635,DYNC1LI1
ENSG00000144711,IQSEC1
ENSG00000144713,RPL32
ENSG00000144744,UBA3
ENSG00000144746,ARL6IP5
ENSG00000144827,ABHD10
ENSG00000144840,RABL3
ENSG00000144848,ATG3
ENSG00000144867,SRPRB
ENSG00000144895,EIF2A
ENSG00000144909,OSBPL11
ENSG00000145050,MANF
ENSG00000145191,EIF2B5
ENSG00000145192,AHSG
ENSG00000145216,FIP1L1
ENSG00000145241,CENPC
ENSG00000145293,ENOPH1
ENSG00000145321,GC
ENSG00000145354,CISD2
ENSG00000145425,RPS3A
ENSG00000145494,NDUFS6
ENSG00000145569,FAM105A
ENSG00000145675,PIK3R1
ENSG00000145703,IQGAP2
ENSG00000145715,RASA1
ENSG00000145725,PPIP5K2
ENSG00000145741,BTF3
ENSG00000145779,TNFAIP8
ENSG00000145781,COMMD10
ENSG00000145819,ARHGAP26
ENSG00000145833,DDX46
ENSG00000145882,PCYOX1L
ENSG00000145901,TNIP1
ENSG00000145907,G3BP1
ENSG00000145912,NHP2
ENSG00000145996,CDKAL1
ENSG00000146094,DOK3
ENSG00000146112,PPP1R18
ENSG00000146143,PRIM2
ENSG00000146223,RPL7L1
ENSG00000146247,PHIP
ENSG00000146281,PM20D2
ENSG00000146376,ARHGAP18
ENSG00000146386,ABRACL
ENSG00000146425,DYNLT1
ENSG00000146457,WTAP
ENSG00000146476,ARMT1
ENSG00000146701,MDH2
ENSG00000146729,NIPSNAP2
ENSG00000146731,CCT6A
ENSG00000146918,NCAPG2
ENSG00000146955,RAB19
ENSG00000147010,SH3KBP1
ENSG00000147065,MSN
ENSG00000147123,NDUFB11
ENSG00000147140,NONO
ENSG00000147155,EBP
ENSG00000147162,OGT
ENSG00000147164,SNX12
ENSG00000147202,DIAPH2
ENSG00000147224,PRPS1
ENSG00000147251,DOCK11
ENSG00000147274,RBMX
ENSG00000147383,NSDHL
ENSG00000147400,CETN2
ENSG00000147403,RPL10
ENSG00000147416,ATP6V1B2
ENSG00000147459,DOCK5
ENSG00000147471,PLPBP
ENSG00000147475,ERLIN2
ENSG00000147526,TACC1
ENSG00000147533,GOLGA7
ENSG00000147592,LACTB2
ENSG00000147604,RPL7
ENSG00000147649,MTDH
ENSG00000147684,NDUFB9
ENSG00000147813,NAPRT
ENSG00000147853,AK3
ENSG00000148154,UGCG
ENSG00000148175,STOM
ENSG00000148218,ALAD
ENSG00000148229,POLE3
ENSG00000148248,SURF4
ENSG00000148303,RPL7A
ENSG00000148341,SH3GLB2
ENSG00000148346,LCN2
ENSG00000148362,PAXX
ENSG00000148396,SEC16A
ENSG00000148429,USP6NL
ENSG00000148444,COMMD3
ENSG00000148484,RSU1
ENSG00000148572,NRBF2
ENSG00000148634,HERC4
ENSG00000148655,LRMDA
ENSG00000148672,GLUD1
ENSG00000148700,ADD3
ENSG00000148730,EIF4EBP2
ENSG00000148773,MKI67
ENSG00000148834,GSTO1
ENSG00000148841,ITPRIP
ENSG00000148843,PDCD11
ENSG00000149084,HSD17B12
ENSG00000149089,APIP
ENSG00000149091,DGKZ
ENSG00000149100,EIF3M
ENSG00000149131,SERPING1
ENSG00000149136,SSRP1
ENSG00000149177,PTPRJ
ENSG00000149182,ARFGAP2
ENSG00000149196,HIKESHI
ENSG00000149262,INTS4
ENSG00000149269,PAK1
ENSG00000149273,RPS3
ENSG00000149311,ATM
ENSG00000149313,AASDHPPT
ENSG00000149357,LAMTOR1
ENSG00000149428,HYOU1
ENSG00000149476,TKFC
ENSG00000149480,MTA2
ENSG00000149499,EML3
ENSG00000149516,MS4A3
ENSG00000149532,CPSF7
ENSG00000149600,COMMD7
ENSG00000149781,FERMT3
ENSG00000149823,VPS51
ENSG00000149923,PPP4C
ENSG00000149925,ALDOA
ENSG00000149929,HIRIP3
ENSG00000150093,ITGB1
ENSG00000150316,CWC15
ENSG00000150337,FCGR1A
ENSG00000150459,SAP18
ENSG00000150593,PDCD4
ENSG00000150753,CCT5
ENSG00000150768,DLAT
ENSG00000150779,TIMM8B
ENSG00000150782,IL18
ENSG00000150961,SEC24D
ENSG00000150977,RILPL2
ENSG00000151092,NGLY1
ENSG00000151176,PLBD2
ENSG00000151233,GXYLT1
ENSG00000151247,EIF4E
ENSG00000151327,FAM177A1
ENSG00000151414,NEK7
ENSG00000151461,UPF2
ENSG00000151498,ACAD8
ENSG00000151500,THYN1
ENSG00000151502,VPS26B
ENSG00000151552,QDPR
ENSG00000151553,FAM160B1
ENSG00000151576,QTRT2
ENSG00000151651,ADAM8
ENSG00000151689,INPP1
ENSG00000151702,FLI1
ENSG00000151726,ACSL1
ENSG00000151779,NBAS
ENSG00000151876,FBXO4
ENSG00000151923,TIAL1
ENSG00000152082,MZT2B
ENSG00000152127,MGAT5
ENSG00000152213,"11,00 ARL"
ENSG00000152229,PSTPIP2
ENSG00000152234,ATP5F1A
ENSG00000152253,SPC25
ENSG00000152291,TGOLN2
ENSG00000152422,XRCC4
ENSG00000152601,MBNL1
ENSG00000152620,NADK2
ENSG00000152642,GPD1L
ENSG00000152684,PELO
ENSG00000152700,SAR1B
ENSG00000152766,ANKRD22
ENSG00000152795,HNRNPDL
ENSG00000152818,UTRN
ENSG00000152904,GGPS1
ENSG00000153015,CWC27
ENSG00000153037,SRP19
ENSG00000153048,CARHSP1
ENSG00000153147,SMARCA5
ENSG00000153187,HNRNPU
ENSG00000153201,RANBP2
ENSG00000153207,AHCTF1
ENSG00000153310,FAM49B
ENSG00000153317,ASAP1
ENSG00000153339,TRAPPC8
ENSG00000153395,LPCAT1
ENSG00000153561,RMND5A
ENSG00000153574,RPIA
ENSG00000153721,CNKSR3
ENSG00000153767,GTF2E1
ENSG00000153774,CFDP1
ENSG00000153815,CMIP
ENSG00000153914,SREK1
ENSG00000154001,PPP2R5E
ENSG00000154059,IMPACT
ENSG00000154124,OTULIN
ENSG00000154127,UBASH3B
ENSG00000154174,TOMM70
ENSG00000154305,MIA3
ENSG00000154451,GBP5
ENSG00000154473,BUB3
ENSG00000154582,ELOC
ENSG00000154719,MRPL39
ENSG00000154723,ATP5PF
ENSG00000154727,GABPA
ENSG00000154822,PLCL2
ENSG00000154845,PPP4R1
ENSG00000154930,ACSS1
ENSG00000155008,APOOL
ENSG00000155097,ATP6V1C1
ENSG00000155099,PIP4P2
ENSG00000155229,MMS19
ENSG00000155307,SAMSN1
ENSG00000155368,DBI
ENSG00000155438,NIFK
ENSG00000155463,OXA1L
ENSG00000155506,LARP1
ENSG00000155561,NUP205
ENSG00000155629,PIK3AP1
ENSG00000155660,PDIA4
ENSG00000155827,RNF20
ENSG00000155849,ELMO1
ENSG00000155876,RRAGA
ENSG00000155903,RASA2
ENSG00000155926,SLA
ENSG00000155959,VBP1
ENSG00000156026,MCU
ENSG00000156052,GNAQ
ENSG00000156110,ADK
ENSG00000156136,DCK
ENSG00000156261,CCT8
ENSG00000156411,ATP5MPL
ENSG00000156467,UQCRB
ENSG00000156471,PTDSS1
ENSG00000156482,RPL30
ENSG00000156508,EEF1A1
ENSG00000156515,HK1
ENSG00000156531,PHF6
ENSG00000156575,PRG3
ENSG00000156587,UBE2L6
ENSG00000156642,NPTN
ENSG00000156675,RAB11FIP1
ENSG00000156709,AIFM1
ENSG00000156802,ATAD2
ENSG00000156831,NSMCE2
ENSG00000156873,PHKG2
ENSG00000156931,VPS8
ENSG00000156958,GALK2
ENSG00000157020,SEC13
ENSG00000157184,CPT2
ENSG00000157191,NECAP2
ENSG00000157326,DHRS4
ENSG00000157379,DHRS1
ENSG00000157500,APPL1
ENSG00000157538,VPS26C
ENSG00000157554,ERG
ENSG00000157593,SLC35B2
ENSG00000157601,MX1
ENSG00000157637,SLC38A10
ENSG00000157764,BRAF
ENSG00000157881,PANK4
ENSG00000157916,RER1
ENSG00000158019,BABAM2
ENSG00000158042,MRPL17
ENSG00000158092,NCK1
ENSG00000158195,WASF2
ENSG00000158290,CUL4B
ENSG00000158417,EIF5B
ENSG00000158470,B4GALT5
ENSG00000158517,NCF1
ENSG00000158545,ZC3H18
ENSG00000158604,TMED4
ENSG00000158623,COPG2
ENSG00000158710,TAGLN2
ENSG00000158716,DUSP23
ENSG00000158769,F11R
ENSG00000158793,NIT1
ENSG00000158825,CDA
ENSG00000158864,NDUFS2
ENSG00000158869,FCER1G
ENSG00000158874,APOA2
ENSG00000158941,CCAR2
ENSG00000158987,RAPGEF6
ENSG00000159063,ALG8
ENSG00000159082,SYNJ1
ENSG00000159086,PAXBP1
ENSG00000159131,GART
ENSG00000159140,SON
ENSG00000159176,CSRP1
ENSG00000159202,UBE2Z
ENSG00000159210,SNF8
ENSG00000159216,RUNX1
ENSG00000159228,CBR1
ENSG00000159256,MORC3
ENSG00000159314,ARHGAP27
ENSG00000159322,ADPGK
ENSG00000159339,PADI4
ENSG00000159348,CYB5R1
ENSG00000159352,PSMD4
ENSG00000159377,PSMB4
ENSG00000159399,HK2
ENSG00000159423,ALDH4A1
ENSG00000159593,NAE1
ENSG00000159692,CTBP1
ENSG00000159720,ATP6V0D1
ENSG00000159840,ZYX
ENSG00000159842,ABR
ENSG00000160058,BSDC1
ENSG00000160075,SSU72
ENSG00000160124,CCDC58
ENSG00000160194,NDUFV3
ENSG00000160209,PDXK
ENSG00000160211,G6PD
ENSG00000160213,CSTB
ENSG00000160214,RRP1
ENSG00000160218,TRAPPC10
ENSG00000160255,ITGB2
ENSG00000160404,TOR2A
ENSG00000160593,JAML
ENSG00000160633,SAFB
ENSG00000160679,CHTOP
ENSG00000160685,ZBTB7B
ENSG00000160691,SHC1
ENSG00000160703,NLRX1
ENSG00000160710,ADAR
ENSG00000160746,ANO10
ENSG00000160752,FDPS
ENSG00000160796,NBEAL2
ENSG00000160862,AZGP1
ENSG00000160877,NACC1
ENSG00000160883,HK3
ENSG00000160917,CPSF4
ENSG00000160948,VPS28
ENSG00000161011,SQSTM1
ENSG00000161016,RPL8
ENSG00000161057,PSMC2
ENSG00000161203,AP2M1
ENSG00000161217,PCYT1A
ENSG00000161267,BDH1
ENSG00000161533,ACOX1
ENSG00000161542,PRPSAP1
ENSG00000161547,SRSF2
ENSG00000161618,ALDH16A1
ENSG00000161847,RAVER1
ENSG00000161904,LEMD2
ENSG00000161905,ALOX15
ENSG00000161955,TNFSF13
ENSG00000161960,EIF4A1
ENSG00000161970,RPL26
ENSG00000162065,TBC1D24
ENSG00000162129,CLPB
ENSG00000162174,ASRGL1
ENSG00000162191,UBXN1
ENSG00000162222,TTC9C
ENSG00000162231,NXF1
ENSG00000162236,STX5
ENSG00000162244,RPL29
ENSG00000162298,SYVN1
ENSG00000162300,ZFPL1
ENSG00000162368,CMPK1
ENSG00000162384,C1orf123
ENSG00000162390,ACOT11
ENSG00000162402,USP24
ENSG00000162434,JAK1
ENSG00000162441,LZIC
ENSG00000162444,RBP7
ENSG00000162511,LAPTM5
ENSG00000162517,PEF1
ENSG00000162521,RBBP4
ENSG00000162551,ALPL
ENSG00000162664,ZNF326
ENSG00000162688,AGL
ENSG00000162695,SLC30A7
ENSG00000162704,ARPC5
ENSG00000162736,NCSTN
ENSG00000162747,FCGR3B
ENSG00000162775,RBM15
ENSG00000162777,DENND2D
ENSG00000162813,BPNT1
ENSG00000162819,BROX
ENSG00000162869,PPP1R21
ENSG00000162889,MAPKAPK2
ENSG00000162923,WDR26
ENSG00000162924,REL
ENSG00000162959,MEMO1
ENSG00000162961,DPY30
ENSG00000163050,COQ8A
ENSG00000163110,PDLIM5
ENSG00000163131,CTSS
ENSG00000163154,TNFAIP8L2
ENSG00000163166,IWS1
ENSG00000163191,S100A11
ENSG00000163220,S100A9
ENSG00000163221,S100A12
ENSG00000163297,ANTXR2
ENSG00000163320,CGGBP1
ENSG00000163344,PMVK
ENSG00000163346,PBXIP1
ENSG00000163382,NAXE
ENSG00000163399,ATP1A1
ENSG00000163453,IGFBP7
ENSG00000163463,KRTCAP2
ENSG00000163464,CXCR1
ENSG00000163466,ARPC2
ENSG00000163468,CCT3
ENSG00000163507,CIP2A
ENSG00000163510,CWC22
ENSG00000163527,STT3B
ENSG00000163541,SUCLG1
ENSG00000163563,MNDA
ENSG00000163565,IFI16
ENSG00000163584,RPL22L1
ENSG00000163625,WDFY3
ENSG00000163634,THOC7
ENSG00000163636,PSMD6
ENSG00000163655,GMPS
ENSG00000163661,PTX3
ENSG00000163682,RPL9
ENSG00000163714,U2SURP
ENSG00000163719,MTMR14
ENSG00000163736,PPBP
ENSG00000163737,PF4
ENSG00000163743,RCHY1
ENSG00000163754,GYG1
ENSG00000163798,SLC4A1AP
ENSG00000163811,WDR43
ENSG00000163818,LZTFL1
ENSG00000163820,FYCO1
ENSG00000163840,DTX3L
ENSG00000163882,POLR2H
ENSG00000163902,RPN1
ENSG00000163918,RFC4
ENSG00000163931,TKT
ENSG00000163932,PRKCD
ENSG00000163933,RFT1
ENSG00000163939,PBRM1
ENSG00000163946,FAM208A
ENSG00000163956,LRPAP1
ENSG00000163960,UBXN7
ENSG00000163993,S100P
ENSG00000164022,AIMP1
ENSG00000164024,METAP1
ENSG00000164040,PGRMC2
ENSG00000164047,CAMP
ENSG00000164062,APEH
ENSG00000164070,HSPA4L
ENSG00000164091,WDR82
ENSG00000164104,HMGB2
ENSG00000164109,MAD2L1
ENSG00000164111,ANXA5
ENSG00000164134,NAA15
ENSG00000164144,ARFIP1
ENSG00000164163,ABCE1
ENSG00000164167,"6,00 LSM"
ENSG00000164190,NIPBL
ENSG00000164244,PRRC1
ENSG00000164258,NDUFS4
ENSG00000164305,CASP3
ENSG00000164307,ERAP1
ENSG00000164332,UBLCP1
ENSG00000164405,UQCRQ
ENSG00000164466,SFXN1
ENSG00000164506,STXBP5
ENSG00000164535,DAGLB
ENSG00000164587,RPS14
ENSG00000164687,FABP5
ENSG00000164713,BRI3
ENSG00000164733,CTSB
ENSG00000164754,RAD21
ENSG00000164821,DEFA4
ENSG00000164830,OXR1
ENSG00000164880,INTS1
ENSG00000164885,CDK5
ENSG00000164919,COX6C
ENSG00000164924,YWHAZ
ENSG00000164944,VIRMA
ENSG00000164951,PDP1
ENSG00000164961,WASHC5
ENSG00000164978,NUDT2
ENSG00000164985,PSIP1
ENSG00000165025,SYK
ENSG00000165060,FXN
ENSG00000165102,HGSNAT
ENSG00000165118,C9orf64
ENSG00000165119,HNRNPK
ENSG00000165140,FBP1
ENSG00000165168,CYBB
ENSG00000165209,STRBP
ENSG00000165219,GAPVD1
ENSG00000165280,VCP
ENSG00000165283,STOML2
ENSG00000165416,SUGT1
ENSG00000165434,PGM2L1
ENSG00000165458,INPPL1
ENSG00000165475,CRYL1
ENSG00000165487,MICU2
ENSG00000165512,ZNF22
ENSG00000165527,ARF6
ENSG00000165609,NUDT5
ENSG00000165629,ATP5F1C
ENSG00000165637,VDAC2
ENSG00000165650,PDZD8
ENSG00000165660,ABRAXAS2
ENSG00000165672,PRDX3
ENSG00000165678,GHITM
ENSG00000165688,PMPCA
ENSG00000165704,HPRT1
ENSG00000165714,BORCS5
ENSG00000165732,DDX21
ENSG00000165782,PIP4P1
ENSG00000165916,PSMC3
ENSG00000165983,PTER
ENSG00000166128,RAB8B
ENSG00000166136,NDUFB8
ENSG00000166170,BAG5
ENSG00000166197,NOLC1
ENSG00000166200,COPS2
ENSG00000166226,CCT2
ENSG00000166228,PCBD1
ENSG00000166233,ARIH1
ENSG00000166266,CUL5
ENSG00000166333,ILK
ENSG00000166340,TPP1
ENSG00000166401,SERPINB8
ENSG00000166411,IDH3A
ENSG00000166441,RPL27A
ENSG00000166477,LEO1
ENSG00000166479,TMX3
ENSG00000166501,PRKCB
ENSG00000166508,MCM7
ENSG00000166523,CLEC4E
ENSG00000166527,CLEC4D
ENSG00000166557,TMED3
ENSG00000166562,SEC11C
ENSG00000166598,HSP90B1
ENSG00000166685,COG1
ENSG00000166710,B2M
ENSG00000166741,NNMT
ENSG00000166747,AP1G1
ENSG00000166794,PPIB
ENSG00000166797,FAM96A
ENSG00000166825,ANPEP
ENSG00000166848,TERF2IP
ENSG00000166887,VPS39
ENSG00000166888,STAT6
ENSG00000166889,PATL1
ENSG00000166900,STX3
ENSG00000166908,PIP4K2C
ENSG00000166925,TSC22D4
ENSG00000166974,MAPRE2
ENSG00000166986,MARS
ENSG00000167004,PDIA3
ENSG00000167005,NUDT21
ENSG00000167085,PHB
ENSG00000167088,SNRPD1
ENSG00000167110,GOLGA2
ENSG00000167196,FBXO22
ENSG00000167202,TBC1D2B
ENSG00000167208,SNX20
ENSG00000167216,KATNAL2
ENSG00000167220,HDHD2
ENSG00000167283,ATP5MG
ENSG00000167315,ACAA2
ENSG00000167323,STIM1
ENSG00000167325,RRM1
ENSG00000167434,CA4
ENSG00000167460,TPM4
ENSG00000167461,RAB8A
ENSG00000167468,GPX4
ENSG00000167491,GATAD2A
ENSG00000167515,TRAPPC2L
ENSG00000167526,RPL13
ENSG00000167632,TRAPPC9
ENSG00000167642,SPINT2
ENSG00000167658,EEF2
ENSG00000167671,UBXN6
ENSG00000167699,GLOD4
ENSG00000167770,OTUB1
ENSG00000167792,NDUFV1
ENSG00000167815,PRDX2
ENSG00000167851,CD300A
ENSG00000167863,ATP5PD
ENSG00000167881,SRP68
ENSG00000167895,TMC8
ENSG00000167900,TK1
ENSG00000167925,GHDC
ENSG00000167969,ECI1
ENSG00000167978,SRRM2
ENSG00000167986,DDB1
ENSG00000167996,FTH1
ENSG00000168003,SLC3A2
ENSG00000168028,RPSA
ENSG00000168040,FADD
ENSG00000168071,CCDC88B
ENSG00000168090,COPS6
ENSG00000168092,PAFAH1B2
ENSG00000168101,NUDT16L1
ENSG00000168172,HOOK3
ENSG00000168214,RBPJ
ENSG00000168259,DNAJC7
ENSG00000168282,MGAT2
ENSG00000168291,PDHB
ENSG00000168297,PXK
ENSG00000168298,HIST1H1E
ENSG00000168374,ARF4
ENSG00000168385,SEPT2
ENSG00000168393,DTYMK
ENSG00000168394,TAP1
ENSG00000168397,ATG4B
ENSG00000168404,MLKL
ENSG00000168438,CDC40
ENSG00000168439,STIP1
ENSG00000168461,RAB31
ENSG00000168488,ATXN2L
ENSG00000168496,FEN1
ENSG00000168522,FNTA
ENSG00000168530,MYL1
ENSG00000168538,TRAPPC11
ENSG00000168564,CDKN2AIP
ENSG00000168653,NDUFS5
ENSG00000168802,CHTF8
ENSG00000168827,GFM1
ENSG00000168872,DDX19A
ENSG00000168883,USP39
ENSG00000168884,TNIP2
ENSG00000168906,MAT2A
ENSG00000168918,INPP5D
ENSG00000168924,LETM1
ENSG00000168961,LGALS9
ENSG00000169019,COMMD8
ENSG00000169020,ATP5ME
ENSG00000169021,UQCRFS1
ENSG00000169032,MAP2K1
ENSG00000169045,HNRNPH1
ENSG00000169057,MECP2
ENSG00000169067,ACTBL2
ENSG00000169100,SLC25A6
ENSG00000169139,UBE2V2
ENSG00000169180,XPO6
ENSG00000169217,CD2BP2
ENSG00000169220,RGS14
ENSG00000169221,TBC1D10B
ENSG00000169223,LMAN2
ENSG00000169228,RAB24
ENSG00000169251,NMD3
ENSG00000169288,MRPL1
ENSG00000169299,PGM2
ENSG00000169359,SLC33A1
ENSG00000169375,SIN3A
ENSG00000169385,RNASE2
ENSG00000169397,RNASE3
ENSG00000169403,PTAFR
ENSG00000169499,PLEKHA2
ENSG00000169504,CLIC4
ENSG00000169564,PCBP1
ENSG00000169567,HINT1
ENSG00000169599,NFU1
ENSG00000169682,SPNS1
ENSG00000169710,FASN
ENSG00000169738,DCXR
ENSG00000169756,LIMS1
ENSG00000169764,UGP2
ENSG00000169813,HNRNPF
ENSG00000169814,BTD
ENSG00000169826,CSGALNACT2
ENSG00000169891,REPS2
ENSG00000169895,SYAP1
ENSG00000169896,ITGAM
ENSG00000169919,GUSB
ENSG00000169925,BRD3
ENSG00000169976,SF3B5
ENSG00000170027,YWHAG
ENSG00000170043,TRAPPC1
ENSG00000170142,UBE2E1
ENSG00000170144,HNRNPA3
ENSG00000170242,USP47
ENSG00000170266,GLB1
ENSG00000170270,GON7
ENSG00000170296,GABARAP
ENSG00000170310,STX8
ENSG00000170312,CDK1
ENSG00000170348,TMED10
ENSG00000170430,MGMT
ENSG00000170445,HARS
ENSG00000170458,CD14
ENSG00000170471,RALGAPB
ENSG00000170473,PYM1
ENSG00000170476,MZB1
ENSG00000170515,PA2G4
ENSG00000170542,SERPINB9
ENSG00000170571,EMB
ENSG00000170581,STAT2
ENSG00000170584,NUDCD2
ENSG00000170606,HSPA4
ENSG00000170619,COMMD5
ENSG00000170632,ARMC10
ENSG00000170759,KIF5B
ENSG00000170776,AKAP13
ENSG00000170860,"3,00 LSM"
ENSG00000170876,TMEM43
ENSG00000170889,RPS9
ENSG00000170909,OSCAR
ENSG00000171049,FPR2
ENSG00000171051,FPR1
ENSG00000171135,JAGN1
ENSG00000171174,RBKS
ENSG00000171236,LRG1
ENSG00000171262,FAM98B
ENSG00000171298,GAA
ENSG00000171302,CANT1
ENSG00000171314,PGAM1
ENSG00000171428,NAT1
ENSG00000171490,RSL1D1
ENSG00000171497,PPID
ENSG00000171503,ETFDH
ENSG00000171530,TBCA
ENSG00000171557,FGG
ENSG00000171560,FGA
ENSG00000171566,PLRG1
ENSG00000171700,RGS19
ENSG00000171720,HDAC3
ENSG00000171777,RASGRP4
ENSG00000171793,CTPS1
ENSG00000171824,EXOSC10
ENSG00000171848,RRM2
ENSG00000171853,TRAPPC12
ENSG00000171858,RPS21
ENSG00000171860,C3AR1
ENSG00000171862,PTEN
ENSG00000171863,RPS7
ENSG00000171953,ATPAF2
ENSG00000171960,PPIH
ENSG00000172007,RAB33B
ENSG00000172009,THOP1
ENSG00000172053,QARS
ENSG00000172081,MOB3A
ENSG00000172115,CYCS
ENSG00000172164,SNTB1
ENSG00000172172,MRPL13
ENSG00000172183,ISG20
ENSG00000172216,CEBPB
ENSG00000172232,AZU1
ENSG00000172239,PAIP1
ENSG00000172270,BSG
ENSG00000172315,TP53RK
ENSG00000172322,CLEC12A
ENSG00000172340,SUCLG2
ENSG00000172349,IL16
ENSG00000172354,GNB2
ENSG00000172531,PPP1CA
ENSG00000172725,CORO1B
ENSG00000172757,CFL1
ENSG00000172775,FAM192A
ENSG00000172780,RAB43
ENSG00000172794,RAB37
ENSG00000172809,RPL38
ENSG00000172830,SSH3
ENSG00000172867,KRT2
ENSG00000172890,NADSYN1
ENSG00000172893,DHCR7
ENSG00000172922,RNASEH2C
ENSG00000172936,MYD88
ENSG00000172939,OXSR1
ENSG00000172954,LCLAT1
ENSG00000172992,DCAKD
ENSG00000173020,GRK2
ENSG00000173039,RELA
ENSG00000173163,COMMD1
ENSG00000173171,MTX1
ENSG00000173193,PARP14
ENSG00000173221,GLRX
ENSG00000173230,GOLGB1
ENSG00000173391,OLR1
ENSG00000173442,EHBP1L1
ENSG00000173473,SMARCC1
ENSG00000173486,FKBP2
ENSG00000173535,TNFRSF10C
ENSG00000173540,GMPPB
ENSG00000173597,SULT1B1
ENSG00000173598,NUDT4
ENSG00000173614,NMNAT1
ENSG00000173660,UQCRH
ENSG00000173674,EIF1AX
ENSG00000173692,PSMD1
ENSG00000173744,AGFG1
ENSG00000173757,STAT5B
ENSG00000173786,CNP
ENSG00000173812,EIF1
ENSG00000173821,RNF213
ENSG00000173852,DPY19L1
ENSG00000173915,ATP5MD
ENSG00000173930,SLCO4C1
ENSG00000173992,CCS
ENSG00000174021,GNG5
ENSG00000174099,MSRB3
ENSG00000174106,LEMD3
ENSG00000174173,TRMT10C
ENSG00000174231,PRPF8
ENSG00000174238,PITPNA
ENSG00000174243,DDX23
ENSG00000174437,ATP2A2
ENSG00000174442,ZWILCH
ENSG00000174444,RPL4
ENSG00000174547,MRPL11
ENSG00000174695,TMEM167A
ENSG00000174720,LARP7
ENSG00000174748,RPL15
ENSG00000174749,FAM241A
ENSG00000174780,SRP72
ENSG00000174840,PDE12
ENSG00000174842,GLMN
ENSG00000174886,NDUFA11
ENSG00000174903,RAB1B
ENSG00000175029,CTBP2
ENSG00000175104,TRAF6
ENSG00000175110,MRPS22
ENSG00000175115,PACS1
ENSG00000175166,PSMD2
ENSG00000175203,DCTN2
ENSG00000175216,CKAP5
ENSG00000175220,ARHGAP1
ENSG00000175274,TP53I11
ENSG00000175309,PHYKPL
ENSG00000175324,"1,00 LSM"
ENSG00000175334,BANF1
ENSG00000175390,EIF3F
ENSG00000175416,CLTB
ENSG00000175463,TBC1D10C
ENSG00000175467,SART1
ENSG00000175489,LRRC25
ENSG00000175550,DRAP1
ENSG00000175573,C11orf68
ENSG00000175575,PAAF1
ENSG00000175582,RAB6A
ENSG00000175792,RUVBL1
ENSG00000175806,MSRA
ENSG00000175895,PLEKHF2
ENSG00000175931,UBE2O
ENSG00000176014,TUBB6
ENSG00000176087,SLC35A4
ENSG00000176102,CSTF3
ENSG00000176108,CHMP6
ENSG00000176148,TCP11L1
ENSG00000176393,RNPEP
ENSG00000176422,SPRYD4
ENSG00000176438,SYNE3
ENSG00000176533,GNG7
ENSG00000176595,KBTBD11
ENSG00000176619,LMNB2
ENSG00000176623,RMDN1
ENSG00000176715,ACSF3
ENSG00000176783,RUFY1
ENSG00000176788,BASP1
ENSG00000176890,TYMS
ENSG00000176894,PXMP2
ENSG00000176974,SHMT1
ENSG00000176978,DPP7
ENSG00000176986,SEC24C
ENSG00000177105,RHOG
ENSG00000177119,ANO6
ENSG00000177156,TALDO1
ENSG00000177189,RPS6KA3
ENSG00000177191,B3GNT8
ENSG00000177192,PUS1
ENSG00000177225,GATD1
ENSG00000177302,TOP3A
ENSG00000177409,SAMD9L
ENSG00000177556,ATOX1
ENSG00000177565,TBL1XR1
ENSG00000177600,RPLP2
ENSG00000177628,GBA
ENSG00000177646,ACAD9
ENSG00000177663,IL17RA
ENSG00000177666,PNPLA2
ENSG00000177674,AGTRAP
ENSG00000177700,POLR2L
ENSG00000177731,FLII
ENSG00000177733,HNRNPA0
ENSG00000177830,CHID1
ENSG00000177879,AP3S1
ENSG00000177885,GRB2
ENSG00000177889,UBE2N
ENSG00000177954,RPS27
ENSG00000177963,RIC8A
ENSG00000178035,IMPDH2
ENSG00000178127,NDUFV2
ENSG00000178202,KDELC2
ENSG00000178307,TMEM11
ENSG00000178425,NT5DC1
ENSG00000178537,SLC25A20
ENSG00000178567,EPM2AIP1
ENSG00000178685,PARP10
ENSG00000178691,SUZ12
ENSG00000178695,KCTD12
ENSG00000178741,COX5A
ENSG00000178802,MPI
ENSG00000178913,TAF7
ENSG00000178921,PFAS
ENSG00000178927,C17orf62
ENSG00000178950,GAK
ENSG00000178952,TUFM
ENSG00000178982,EIF3K
ENSG00000178996,SNX18
ENSG00000179051,RCC2
ENSG00000179085,DPM3
ENSG00000179091,CYC1
ENSG00000179115,FARSA
ENSG00000179163,FUCA1
ENSG00000179218,CALR
ENSG00000179262,RAD23A
ENSG00000179271,GADD45GIP1
ENSG00000179295,PTPN11
ENSG00000179387,ELMOD2
ENSG00000179409,GEMIN4
ENSG00000179750,APOBEC3B
ENSG00000179820,MYADM
ENSG00000179832,MROH1
ENSG00000179869,ABCA13
ENSG00000179889,PDXDC1
ENSG00000179950,PUF60
ENSG00000179958,DCTPP1
ENSG00000180104,EXOC3
ENSG00000180182,MED14
ENSG00000180198,RCC1
ENSG00000180228,PRKRA
ENSG00000180233,ZNRF2
ENSG00000180353,HCLS1
ENSG00000180370,PAK2
ENSG00000180448,ARHGAP45
ENSG00000180817,PPA1
ENSG00000180871,CXCR2
ENSG00000180879,SSR4
ENSG00000180957,PITPNB
ENSG00000180979,LRRC57
ENSG00000181029,TRAPPC5
ENSG00000181163,NPM1
ENSG00000181222,POLR2A
ENSG00000181467,RAP2B
ENSG00000181610,MRPS23
ENSG00000181631,P2RY13
ENSG00000181789,COPG1
ENSG00000181929,PRKAG1
ENSG00000182004,SNRPE
ENSG00000182054,IDH2
ENSG00000182149,IST1
ENSG00000182179,UBA7
ENSG00000182199,SHMT2
ENSG00000182220,ATP6AP2
ENSG00000182287,AP1S2
ENSG00000182400,TRAPPC6B
ENSG00000182446,NPLOC4
ENSG00000182473,EXOC7
ENSG00000182481,KPNA2
ENSG00000182504,CEP97
ENSG00000182511,FES
ENSG00000182541,LIMK2
ENSG00000182557,SPNS3
ENSG00000182774,RPS17
ENSG00000182827,ACBD3
ENSG00000182872,RBM10
ENSG00000182885,ADGRG3
ENSG00000182899,RPL35A
ENSG00000182919,C11orf54
ENSG00000182934,SRPRA
ENSG00000182944,EWSR1
ENSG00000182973,CNOT10
ENSG00000183019,MCEMP1
ENSG00000183020,AP2A2
ENSG00000183207,RUVBL2
ENSG00000183255,PTTG1IP
ENSG00000183258,DDX41
ENSG00000183291,SELENOF
ENSG00000183336,BOLA2
ENSG00000183431,SF3A3
ENSG00000183486,MX2
ENSG00000183527,PSMG1
ENSG00000183576,SETD3
ENSG00000183597,TANGO2
ENSG00000183648,NDUFB1
ENSG00000183684,ALYREF
ENSG00000183688,RFLNB
ENSG00000183696,UPP1
ENSG00000183735,TBK1
ENSG00000183751,TBL3
ENSG00000183808,RBM12B
ENSG00000183978,COA3
ENSG00000184007,PTP4A2
ENSG00000184047,DIABLO
ENSG00000184056,VPS33B
ENSG00000184076,UQCR10
ENSG00000184110,EIF3C
ENSG00000184117,NIPSNAP1
ENSG00000184164,CRELD2
ENSG00000184178,SCFD2
ENSG00000184203,PPP1R2
ENSG00000184207,PGP
ENSG00000184357,HIST1H1B
ENSG00000184432,COPB2
ENSG00000184445,KNTC1
ENSG00000184470,TXNRD2
ENSG00000184575,XPOT
ENSG00000184584,TMEM173
ENSG00000184640,SEPT9
ENSG00000184678,HIST2H2BE
ENSG00000184702,SEPT5
ENSG00000184730,APOBR
ENSG00000184752,NDUFA12
ENSG00000184787,UBE2G2
ENSG00000184840,TMED9
ENSG00000184897,H1FX
ENSG00000184922,FMNL1
ENSG00000184924,PTRHD1
ENSG00000184983,NDUFA6
ENSG00000184992,BRI3BP
ENSG00000185000,DGAT1
ENSG00000185009,AP3M1
ENSG00000185043,CIB1
ENSG00000185049,NELFA
ENSG00000185085,INTS5
ENSG00000185088,RPS27L
ENSG00000185104,FAF1
ENSG00000185129,PURA
ENSG00000185198,PRSS57
ENSG00000185215,TNFAIP2
ENSG00000185236,RAB11B
ENSG00000185344,ATP6V0A2
ENSG00000185359,HGS
ENSG00000185432,METTL7A
ENSG00000185515,BRCC3
ENSG00000185591,SP1
ENSG00000185624,P4HB
ENSG00000185627,PSMD13
ENSG00000185651,UBE2L3
ENSG00000185721,DRG1
ENSG00000185722,ANKFY1
ENSG00000185728,YTHDF3
ENSG00000185745,IFIT1
ENSG00000185753,CXorf38
ENSG00000185787,MORF4L1
ENSG00000185811,IKZF1
ENSG00000185813,PCYT2
ENSG00000185825,BCAP31
ENSG00000185862,EVI2B
ENSG00000185883,ATP6V0C
ENSG00000185896,LAMP1
ENSG00000185963,BICD2
ENSG00000185973,TMLHE
ENSG00000186001,LRCH3
ENSG00000186010,NDUFA13
ENSG00000186074,CD300LF
ENSG00000186205,MARC1
ENSG00000186298,PPP1CC
ENSG00000186431,FCAR
ENSG00000186432,KPNA4
ENSG00000186468,RPS23
ENSG00000186517,ARHGAP30
ENSG00000186526,CYP4F8
ENSG00000186529,CYP4F3
ENSG00000186591,UBE2H
ENSG00000186635,ARAP1
ENSG00000186652,PRG2
ENSG00000186792,HYAL3
ENSG00000187109,NAP1L1
ENSG00000187239,FNBP1
ENSG00000187240,DYNC2H1
ENSG00000187446,CHP1
ENSG00000187514,PTMA
ENSG00000187522,HSPA14
ENSG00000187555,USP7
ENSG00000187608,ISG15
ENSG00000187735,TCEA1
ENSG00000187764,SEMA4D
ENSG00000187808,SOWAHD
ENSG00000187837,HIST1H1C
ENSG00000188021,UBQLN2
ENSG00000188243,COMMD6
ENSG00000188305,PEAK3
ENSG00000188313,PLSCR1
ENSG00000188404,SELL
ENSG00000188529,SRSF10
ENSG00000188536,HBA2
ENSG00000188559,RALGAPA2
ENSG00000188603,CLN3
ENSG00000188641,DPYD
ENSG00000188761,BCL2L15
ENSG00000188811,NHLRC3
ENSG00000188846,RPL14
ENSG00000188906,LRRK2
ENSG00000188976,NOC2L
ENSG00000188986,NELFB
ENSG00000189043,NDUFA4
ENSG00000189060,H1F0
ENSG00000189068,VSTM1
ENSG00000189077,TMEM120A
ENSG00000189079,ARID2
ENSG00000189091,SF3B3
ENSG00000189159,JPT1
ENSG00000189403,HMGB1
ENSG00000196136,SERPINA3
ENSG00000196154,S100A4
ENSG00000196187,TMEM63A
ENSG00000196189,SEMA4A
ENSG00000196199,MPHOSPH8
ENSG00000196230,TUBB
ENSG00000196235,SUPT5H
ENSG00000196262,PPIA
ENSG00000196290,NIF3L1
ENSG00000196305,IARS
ENSG00000196352,CD55
ENSG00000196363,WDR5
ENSG00000196365,LONP1
ENSG00000196367,TRRAP
ENSG00000196396,PTPN1
ENSG00000196419,XRCC6
ENSG00000196455,PIK3R4
ENSG00000196497,IPO4
ENSG00000196502,SULT1A1
ENSG00000196504,PRPF40A
ENSG00000196505,GDAP2
ENSG00000196507,TCEAL3
ENSG00000196510,ANAPC7
ENSG00000196531,NACA
ENSG00000196535,MYO18A
ENSG00000196544,BORCS6
ENSG00000196549,MME
ENSG00000196591,HDAC2
ENSG00000196642,RABL6
ENSG00000196655,TRAPPC4
ENSG00000196715,VKORC1L1
ENSG00000196743,GM2A
ENSG00000196776,CD47
ENSG00000196839,ADA
ENSG00000196865,NHLRC2
ENSG00000196923,PDLIM7
ENSG00000196924,FLNA
ENSG00000196954,CASP4
ENSG00000196961,AP2A1
ENSG00000196975,ANXA4
ENSG00000197043,ANXA6
ENSG00000197045,GMFB
ENSG00000197063,MAFG
ENSG00000197070,ARRDC1
ENSG00000197081,IGF2R
ENSG00000197102,DYNC1H1
ENSG00000197142,ACSL5
ENSG00000197157,SND1
ENSG00000197170,PSMD12
ENSG00000197226,TBC1D9B
ENSG00000197249,SERPINA1
ENSG00000197253,TPSB2
ENSG00000197312,DDI2
ENSG00000197321,SVIL
ENSG00000197323,TRIM33
ENSG00000197386,HTT
ENSG00000197405,C5AR1
ENSG00000197417,SHPK
ENSG00000197448,GSTK1
ENSG00000197451,HNRNPAB
ENSG00000197471,SPN
ENSG00000197535,MYO5A
ENSG00000197548,ATG7
ENSG00000197561,ELANE
ENSG00000197713,RPE
ENSG00000197728,RPS26
ENSG00000197746,PSAP
ENSG00000197756,RPL37A
ENSG00000197766,CFD
ENSG00000197785,ATAD3A
ENSG00000197858,GPAA1
ENSG00000197860,SGTB
ENSG00000197872,FAM49A
ENSG00000197894,ADH5
ENSG00000197930,ERO1A
ENSG00000197943,PLCG2
ENSG00000197956,S100A6
ENSG00000197958,RPL12
ENSG00000197969,VPS13A
ENSG00000198001,IRAK4
ENSG00000198034,RPS4X
ENSG00000198053,SIRPA
ENSG00000198055,GRK6
ENSG00000198056,PRIM1
ENSG00000198087,CD2AP
ENSG00000198113,TOR4A
ENSG00000198130,HIBCH
ENSG00000198157,HMGN5
ENSG00000198160,MIER1
ENSG00000198168,SVIP
ENSG00000198171,DDRGK1
ENSG00000198189,HSD17B11
ENSG00000198218,QRICH1
ENSG00000198231,DDX42
ENSG00000198242,RPL23A
ENSG00000198258,UBL5
ENSG00000198356,ASNA1
ENSG00000198373,WWP2
ENSG00000198380,GFPT1
ENSG00000198399,ITSN2
ENSG00000198408,MGEA5
ENSG00000198431,TXNRD1
ENSG00000198492,YTHDF2
ENSG00000198554,WDHD1
ENSG00000198563,DDX39B
ENSG00000198585,NUDT16
ENSG00000198589,LRBA
ENSG00000198604,BAZ1A
ENSG00000198612,COPS8
ENSG00000198648,STK39
ENSG00000198668,CALM1
ENSG00000198677,TTC37
ENSG00000198682,PAPSS2
ENSG00000198700,IPO9
ENSG00000198712,MT-CO2
ENSG00000198727,MT-CYB
ENSG00000198730,CTR9
ENSG00000198755,RPL10A
ENSG00000198771,RCSD1
ENSG00000198786,MT-ND5
ENSG00000198793,MTOR
ENSG00000198804,MT-CO1
ENSG00000198805,PNP
ENSG00000198824,CHAMP1
ENSG00000198830,HMGN2
ENSG00000198833,UBE2J1
ENSG00000198836,OPA1
ENSG00000198837,DENND4B
ENSG00000198843,SELENOT
ENSG00000198848,CES1
ENSG00000198856,OSTC
ENSG00000198886,MT-ND4
ENSG00000198888,MT-ND1
ENSG00000198898,CAPZA2
ENSG00000198900,"1,00 TOP"
ENSG00000198918,RPL39
ENSG00000198931,APRT
ENSG00000198938,MT-CO3
ENSG00000198951,NAGA
ENSG00000203710,CR1
ENSG00000203747,FCGR3A
ENSG00000203818,HIST2H3PS2
ENSG00000203852,HIST2H3A
ENSG00000203879,GDI1
ENSG00000204120,GIGYF2
ENSG00000204131,NHSL2
ENSG00000204220,PFDN6
ENSG00000204227,RING1
ENSG00000204256,BRD2
ENSG00000204264,PSMB8
ENSG00000204267,TAP2
ENSG00000204316,MRPL38
ENSG00000204351,SKIV2L
ENSG00000204389,HSPA1A
ENSG00000204392,"2,00 LSM"
ENSG00000204394,VARS
ENSG00000204397,CARD16
ENSG00000204427,ABHD16A
ENSG00000204435,CSNK2B
ENSG00000204463,BAG6
ENSG00000204472,AIF1
ENSG00000204482,LST1
ENSG00000204560,DHX16
ENSG00000204569,PPP1R10
ENSG00000204574,ABCF1
ENSG00000204592,HLA-E
ENSG00000204628,RACK1
ENSG00000204843,DCTN1
ENSG00000204936,CD177
ENSG00000205220,PSMB10
ENSG00000205302,SNX2
ENSG00000205323,SARNP
ENSG00000205339,IPO7
ENSG00000205413,SAMD9
ENSG00000205531,NAP1L4
ENSG00000205542,TMSB4X
ENSG00000205581,HMGN1
ENSG00000205744,DENND1C
ENSG00000205758,CRYZL1
ENSG00000205937,RNPS1
ENSG00000205940,HSP90AB2P
ENSG00000206047,DEFA1
ENSG00000211450,SELENOH
ENSG00000211455,STK38L
ENSG00000211456,SACM1L
ENSG00000211460,TSN
ENSG00000211592,IGKC
ENSG00000211895,IGHA1
ENSG00000211896,IGHG1
ENSG00000213024,NUP62
ENSG00000213281,NRAS
ENSG00000213341,CHUK
ENSG00000213445,SIPA1
ENSG00000213465,"2,00 ARL"
ENSG00000213523,SRA1
ENSG00000213551,DNAJC9
ENSG00000213585,VDAC1
ENSG00000213614,HEXA
ENSG00000213619,NDUFS3
ENSG00000213639,PPP1CB
ENSG00000213654,GPSM3
ENSG00000213699,SLC35F6
ENSG00000213719,CLIC1
ENSG00000213722,DDAH2
ENSG00000213741,RPS29
ENSG00000213903,LTB4R
ENSG00000213930,GALT
ENSG00000213965,NUDT19
ENSG00000213983,AP1G2
ENSG00000214078,CPNE1
ENSG00000214160,ALG3
ENSG00000214212,C19orf38
ENSG00000214253,FIS1
ENSG00000214517,PPME1
ENSG00000214753,HNRNPUL2
ENSG00000215021,PHB2
ENSG00000215301,DDX3X
ENSG00000215305,VPS16
ENSG00000215845,TSTD1
ENSG00000216490,IFI30
ENSG00000221914,PPP2R2A
ENSG00000223496,EXOSC6
ENSG00000223501,VPS52
ENSG00000228253,MT-ATP8
ENSG00000228278,ORM2
ENSG00000228716,DHFR
ENSG00000229314,ORM1
ENSG00000230989,HSBP1
ENSG00000231500,RPS18
ENSG00000231925,TAPBP
ENSG00000232112,TMA7
ENSG00000232119,MCTS1
ENSG00000233276,GPX1
ENSG00000233822,HIST1H2BN
ENSG00000233927,RPS28
ENSG00000239306,RBM14
ENSG00000239672,NME1
ENSG00000239713,APOBEC3G
ENSG00000239839,DEFA3
ENSG00000239900,ADSL
ENSG00000239998,LILRA2
ENSG00000240065,PSMB9
ENSG00000240682,ISY1
ENSG00000240857,RDH14
ENSG00000241468,ATP5MF
ENSG00000241685,ARPC1A
ENSG00000241837,ATP5PO
ENSG00000241839,PLEKHO2
ENSG00000242247,ARFGAP3
ENSG00000242372,EIF6
ENSG00000242485,MRPL20
ENSG00000242550,SERPINB10
ENSG00000242616,GNG10
ENSG00000243927,MRPS6
ENSG00000243943,ZNF512
ENSG00000244038,DDOST
ENSG00000244462,RBM12
ENSG00000244509,APOBEC3C
ENSG00000244687,UBE2V1
ENSG00000244734,HBB
ENSG00000245848,CEBPA
ENSG00000247596,TWF2
ENSG00000248333,CDK11B
ENSG00000248385,TARM1
ENSG00000249915,PDCD6
ENSG00000250151,ARPC4-TTLL3
ENSG00000251201,TMED7-TICAM2
ENSG00000253729,PRKDC
ENSG00000254415,SIGLEC14
ENSG00000254685,FPGT
ENSG00000254692,AL136295.1
ENSG00000254772,EEF1G
ENSG00000254986,DPP3
ENSG00000254999,BRK1
ENSG00000255112,CHMP1B
ENSG00000255587,RAB44
ENSG00000255730,AC011462.1
ENSG00000256646,AC010132.3
ENSG00000257017,HP
ENSG00000257103,LSM14A
ENSG00000257335,MGAM
ENSG00000257727,CNPY2
ENSG00000258227,CLEC5A
ENSG00000258315,C17orf49
ENSG00000258465,AL139011.2
ENSG00000259040,BLOC1S5-TXNDC5
ENSG00000260342,AC138811.2
ENSG00000260916,CCPG1
ENSG00000261371,PECAM1
ENSG00000261456,TUBB8
ENSG00000262633,AC005670.2
ENSG00000262660,AC139530.2
ENSG00000262664,OVCA2
ENSG00000263001,GTF2I
ENSG00000265241,RBM8A
ENSG00000265681,RPL17
ENSG00000265808,SEC22B
ENSG00000265972,TXNIP
ENSG00000266028,SRGAP2
ENSG00000266094,RASSF5
ENSG00000266472,MRPS21
ENSG00000267228,AC012254.2
ENSG00000267855,NDUFA7
ENSG00000269335,IKBKG
ENSG00000270647,TAF15
ENSG00000272104,Z84492.2
ENSG00000272196,HIST2H2AA4
ENSG00000273398,AC017083.3
ENSG00000273749,CYFIP1
ENSG00000274944,AL139260.3
ENSG00000275052,PPP4R3B
ENSG00000275714,HIST1H3A
ENSG00000275895,U2AF1L5
ENSG00000276043,UHRF1
ENSG00000276612,FP565260.2
ENSG00000276644,DACH1
ENSG00000277443,MARCKS
ENSG00000277791,PSMB3
ENSG00000278637,HIST1H4A
ENSG00000279457,FO538757.1
ENSG00000280987,MATR3